https://image.biccamera.com/img/00000008296561_A01.jpg?sr.dw=320&sr.jqh=60&sr.dh=320&sr.mat=1,株式会社TCLジャパンエレクトロニクスTCL-10 Lite マリアナブルー「T770B Arctic White」6.53型 メモリ/ストレージ...,26800,https://www.biccamera.com/bc/item/8296561/
https://image.biccamera.com/img/00000008296562_A01.jpg?sr.dw=320&sr.jqh=60&sr.dh=320&sr.mat=1,株式会社TCLジャパンエレクトロニクスTCL-10 Lite マリアナブルー「T770B Mariana Blue」6.53型 メモリ/ストレージ...,26800,https://www.biccamera.com/bc/item/8296562/
https://image.biccamera.com/img/00000007312776_A01.jpg?sr.dw=320&sr.jqh=60&sr.dh=320&sr.mat=1,OPPO　オッポOPPO R17 Neo レッド「CPH1893RD」Snapdragon 660 6.4型・メモリ/ストレージ：...,25800,https://www.biccamera.com/bc/item/7312776/
https://image.biccamera.com/img/00000003793786_A01.jpg?sr.dw=320&sr.jqh=60&sr.dh=320&sr.mat=1,ブラックベリー　BlackBerryKEYone BlackEdition　「PRD-63763-002」 Snapdragon 625 4.5型　メモリ/スト...,39800,https://www.biccamera.com/bc/item/3793786/
https://image.biccamera.com/img/00000008124220_A01.jpg?sr.dw=320&sr.jqh=60&sr.dh=320&sr.mat=1,Xiaomi　シャオミXiaomi Redmi Note 9S グレイシャーホワイト Snapdragon 720 6.67型・メモリ/...,29800,https://www.biccamera.com/bc/item/8124220/
https://image.biccamera.com/img/00000008124219_A01.jpg?sr.dw=320&sr.jqh=60&sr.dh=320&sr.mat=1,Xiaomi　シャオミXiaomi Redmi Note 9S オーロラブルー Snapdragon 720 6.67型・メモリ/ストレ...,29800,https://www.biccamera.com/bc/item/8124219/
https://image.biccamera.com/img/00000008113169_A01.jpg?sr.dw=320&sr.jqh=60&sr.dh=320&sr.mat=1,OPPO　オッポ【防水・防塵・おサイフケータイ】OPPO Reno3 A ホワイト「CPH2013WH」Snapdra...,39800,https://www.biccamera.com/bc/item/8113169/
https://image.biccamera.com/img/00000007302956_A01.jpg?sr.dw=320&sr.jqh=60&sr.dh=320&sr.mat=1,OPPO　オッポ【防水・防塵・おサイフケータイ】OPPO Reno A ブルー「CPH1983BL」Snapdragon...,35800,https://www.biccamera.com/bc/item/7302956/
https://image.biccamera.com/img/00000007577498_A01.jpg?sr.dw=320&sr.jqh=60&sr.dh=320&sr.mat=1,ASUS　エイスースZenfone Max Pro M2 ミッドナイトブルー「ZB631KL-BL64S6」Snapdragon 660 6.3...,41250,https://www.biccamera.com/bc/item/7577498/
https://image.biccamera.com/img/00000003707935_A01.jpg?sr.dw=320&sr.jqh=60&sr.dh=320&sr.mat=1,ブラックベリー　BlackBerryKEYoneブラック/シルバー「BBB100-6」 Snapdragon 625 4.5型・メモリ/ストレー...,34800,https://www.biccamera.com/bc/item/3707935/
https://image.biccamera.com/img/00000006122303_A01.jpg?sr.dw=320&sr.jqh=60&sr.dh=320&sr.mat=1,ASUS　エイスースROG Phone ブラック「ZS600KL-BK512S8」6型 Android 8.1 Snapdragon 845 メモ...,54800,https://www.biccamera.com/bc/item/6122303/
https://image.biccamera.com/img/00000007509085_A01.jpg?sr.dw=320&sr.jqh=60&sr.dh=320&sr.mat=1,ASUS　エイスースZenFone Max M2 ミッドナイトブラック「ZB633KL-BK64S4」Snapdragon 632 6.3型...,21450,https://www.biccamera.com/bc/item/7509085/
https://image.biccamera.com/img/00000007452235_A01.jpg?sr.dw=320&sr.jqh=60&sr.dh=320&sr.mat=1,シャープ　SHARP【防水・防塵・おサイフケータイ】AQUOS sense3 ブラック「SH-M12-B」Snapdrag...,36080,https://www.biccamera.com/bc/item/7452235/
https://image.biccamera.com/img/00000006398988_A01.jpg?sr.dw=320&sr.jqh=60&sr.dh=320&sr.mat=1,シャープ　SHARP【防水・防塵・おサイフケータイ】AQUOS R2 compact ディープホワイト「SHM09W...,64680,https://www.biccamera.com/bc/item/6398988/
https://image.biccamera.com/img/00000006195234_A01.jpg?sr.dw=320&sr.jqh=60&sr.dh=320&sr.mat=1,ASUS　エイスースZenfone Live L1 ブラック「ZA550KL-BK32」 Snapdragon 430 5.5型ワイド メモ...,18480,https://www.biccamera.com/bc/item/6195234/
https://image.biccamera.com/img/00000007836054_A01.jpg?sr.dw=320&sr.jqh=60&sr.dh=320&sr.mat=1,シャープ　SHARP【防水・防塵・おサイフケータイ】AQUOS zero2 アストロブラック「SH-M13」Sna...,103180,https://www.biccamera.com/bc/item/7836054/
https://image.biccamera.com/img/00000005995591_A01.jpg?sr.dw=320&sr.jqh=60&sr.dh=320&sr.mat=1,OPPO　オッポOPPO  Find X ワインレッド「FINDXRD」Snapdragon 845 6.4型 メモリ/ストレー...,59800,https://www.biccamera.com/bc/item/5995591/
https://image.biccamera.com/img/00000007509086_A01.jpg?sr.dw=320&sr.jqh=60&sr.dh=320&sr.mat=1,ASUS　エイスースZenFone Max M2 スペースブルー「ZB633KL-BL64S4」Snapdragon 632 6.3型 メモ...,21450,https://www.biccamera.com/bc/item/7509086/
https://image.biccamera.com/img/00000006623438_A01.jpg?sr.dw=320&sr.jqh=60&sr.dh=320&sr.mat=1,ブラックベリー　BlackBerryBlackBerry KEY2 LE Champagne シャンパンゴールド「PRD-65004-085」4.5型 メ...,59800,https://www.biccamera.com/bc/item/6623438/
https://image.biccamera.com/img/00000008113170_A01.jpg?sr.dw=320&sr.jqh=60&sr.dh=320&sr.mat=1,OPPO　オッポ【防水・防塵・おサイフケータイ】OPPO Reno3 A ブラック「CPH2013BK」Snapdra...,39800,https://www.biccamera.com/bc/item/8113170/
https://image.biccamera.com/img/00000007452234_A01.jpg?sr.dw=320&sr.jqh=60&sr.dh=320&sr.mat=1,シャープ　SHARP【防水・防塵・おサイフケータイ】AQUOS sense3 シルバーホワイト「SH-M12-S」...,36080,https://www.biccamera.com/bc/item/7452234/
https://image.biccamera.com/img/00000007071970_A01.jpg?sr.dw=320&sr.jqh=60&sr.dh=320&sr.mat=1,HUAWEI　ファーウェイHUAWEI nova lite 3 ミッドナイトブラック「NOVALITE3MIDNIGHT」Krin 710 6.21...,19680,https://www.biccamera.com/bc/item/7071970/
https://image.biccamera.com/img/00000007452236_A01.jpg?sr.dw=320&sr.jqh=60&sr.dh=320&sr.mat=1,シャープ　SHARP【防水・防塵・おサイフケータイ】AQUOS sense3 ライトカッパー「SH-M12-C」Sn...,36080,https://www.biccamera.com/bc/item/7452236/
https://image.biccamera.com/img/00000008124218_A01.jpg?sr.dw=320&sr.jqh=60&sr.dh=320&sr.mat=1,Xiaomi　シャオミXiaomi Mi Note 10 Lite グレイシャーホワイト Snapdragon 730 6.47型・メモリ...,44800,https://www.biccamera.com/bc/item/8124218/
https://image.biccamera.com/img/00000008012157_A01.jpg?sr.dw=320&sr.jqh=60&sr.dh=320&sr.mat=1,モトローラ　Motorolamoto g8 ノイエブルー「PAJG0000JP」6.4型 メモリ/ストレージ：4GB/64GB nanoS...,25800,https://www.biccamera.com/bc/item/8012157/
https://image.biccamera.com/img/00000007563391_A01.jpg?sr.dw=320&sr.jqh=60&sr.dh=320&sr.mat=1,PLANETCOMPUTERS　プラネットコンピューターズCosmo Communicator(10-101-JPN-J)　日本語配列　5.99型　メモリ/ストレージ：...,99800,https://www.biccamera.com/bc/item/7563391/
https://image.biccamera.com/img/00000005995590_A01.jpg?sr.dw=320&sr.jqh=60&sr.dh=320&sr.mat=1,OPPO　オッポOPPO  Find X サイレントブルー「FINDXBL」Snapdragon 845 6.4型 メモリ/スト...,59800,https://www.biccamera.com/bc/item/5995590/
https://image.biccamera.com/img/00000003867413_A01.jpg?sr.dw=320&sr.jqh=60&sr.dh=320&sr.mat=1,フューチャーモデル　Future　ModelNichePhone-S ブラック 「MOB-N17-01BK」 0.96型・RAM/ROM：512MB/256MB nanoS...,6350,https://www.biccamera.com/bc/item/3867413/
https://image.biccamera.com/img/00000007455793_A01.jpg?sr.dw=320&sr.jqh=60&sr.dh=320&sr.mat=1,HUAWEI　ファーウェイnova 5T ミッドサマーパープル「NOVA5TPURPLE」6.26型 メモリ/ストレージ：8GB...,56980,https://www.biccamera.com/bc/item/7455793/
https://image.biccamera.com/img/00000007577336_A01.jpg?sr.dw=320&sr.jqh=60&sr.dh=320&sr.mat=1,シャープ　SHARP【防水・防塵・おサイフケータイ】AQUOS sense3 plus ムーンブルー「SH-M11-A...,64680,https://www.biccamera.com/bc/item/7577336/
https://image.biccamera.com/img/00000007071972_A01.jpg?sr.dw=320&sr.jqh=60&sr.dh=320&sr.mat=1,HUAWEI　ファーウェイHUAWEI nova lite 3 コーラルレッド「NOVALITE3CORALRE」Krin 710 6.21型 メモ...,19680,https://www.biccamera.com/bc/item/7071972/
https://image.biccamera.com/img/00000006980818_A01.jpg?sr.dw=320&sr.jqh=60&sr.dh=320&sr.mat=1,Unihertz【防水・防塵】Unihertz Atom ブラック「ATOM-01」Octa Core 2.45型・メモリ/...,29030,https://www.biccamera.com/bc/item/6980818/
https://image.biccamera.com/img/00000006658346_A01.jpg?sr.dw=320&sr.jqh=60&sr.dh=320&sr.mat=1,Palm【防水・防塵】Palm Phone ブラック 「PVG100E2A1PJPD」Snapdragon 435 3.3型...,44800,https://www.biccamera.com/bc/item/6658346/
https://image.biccamera.com/img/00000006479958_A01.jpg?sr.dw=320&sr.jqh=60&sr.dh=320&sr.mat=1,PLANETCOMPUTERS　プラネットコンピューターズGemini PDA ブラック かな印字モデル 5.99型 メモリ/ストレージ： 4GB/64GB mi...,77760,https://www.biccamera.com/bc/item/6479958/
https://image.biccamera.com/img/00000007547221_A01.jpg?sr.dw=320&sr.jqh=60&sr.dh=320&sr.mat=1,富士通　FUJITSU【防水・防塵・おサイフケータイ】arrows M05 ホワイト「ASMC01002」5.8型 Sna...,38850,https://www.biccamera.com/bc/item/7547221/
https://image.biccamera.com/img/00000008124217_A01.jpg?sr.dw=320&sr.jqh=60&sr.dh=320&sr.mat=1,Xiaomi　シャオミXiaomi Mi Note 10 Lite ネビュラパープル Snapdragon 730 6.47型・メモリ/ス...,44800,https://www.biccamera.com/bc/item/8124217/
https://image.biccamera.com/img/00000007344435_A01.jpg?sr.dw=320&sr.jqh=60&sr.dh=320&sr.mat=1,OPPO　オッポOPPO A5 2020 ブルー「CPH1943BL」Snapdragon 665 6.5型・メモリ/ストレージ：...,29480,https://www.biccamera.com/bc/item/7344435/
https://image.biccamera.com/img/00000008124216_A01.jpg?sr.dw=320&sr.jqh=60&sr.dh=320&sr.mat=1,HUAWEI　ファーウェイHUAWEI P40 lite E オーロラブルー Kirin 710 6.39型・メモリ/ストレージ：4GB...,27280,https://www.biccamera.com/bc/item/8124216/
https://image.biccamera.com/img/00000007817654_A01.jpg?sr.dw=320&sr.jqh=60&sr.dh=320&sr.mat=1,モトローラ　Motorolamoto g8 plus コズミックブルー 「PAGE0013JP」Snapdragon 665 6.3型 メモリ/...,38800,https://www.biccamera.com/bc/item/7817654/
https://image.biccamera.com/img/00000006623437_A01.jpg?sr.dw=320&sr.jqh=60&sr.dh=320&sr.mat=1,ブラックベリー　BlackBerryBlackBerry KEY2 LE Slate ダークネイビー「PRD-65004-083」4.5型 メモリ/スト...,59800,https://www.biccamera.com/bc/item/6623437/
https://image.biccamera.com/img/00000005574489_A01.jpg?sr.dw=320&sr.jqh=60&sr.dh=320&sr.mat=1,MAYA　SYSTEM　マヤシステムMAYASYSTEM jetfon グラファイトブラック 「G1701-GB」Snapdragon 652 5.5イン...,12800,https://www.biccamera.com/bc/item/5574489/
https://image.biccamera.com/img/00000007302957_A01.jpg?sr.dw=320&sr.jqh=60&sr.dh=320&sr.mat=1,OPPO　オッポ【防水・防塵・おサイフケータイ】OPPO Reno A ブラック「CPH1983BK」Snapdrag...,35800,https://www.biccamera.com/bc/item/7302957/
https://image.biccamera.com/img/00000008188149_A01.jpg?sr.dw=320&sr.jqh=60&sr.dh=320&sr.mat=1,Ｆ（ｘ）ＴＥＣF(x)tec Pro1  英語配列  5.99型　Curved縁　メモリ/ストレージ： 6GB/128GB　...,109880,https://www.biccamera.com/bc/item/8188149/
https://image.biccamera.com/img/00000008012158_A01.jpg?sr.dw=320&sr.jqh=60&sr.dh=320&sr.mat=1,モトローラ　Motorolamoto g8 ホログラムホワイト「PAJG0001JP」6.4型 メモリ/ストレージ：4GB/64GB...,25800,https://www.biccamera.com/bc/item/8012158/
https://image.biccamera.com/img/00000006398989_A01.jpg?sr.dw=320&sr.jqh=60&sr.dh=320&sr.mat=1,シャープ　SHARP【防水・防塵・おサイフケータイ】AQUOS R2 compact ピュアブラック「SHM09B」...,64680,https://www.biccamera.com/bc/item/6398989/
https://image.biccamera.com/img/00000008124214_A01.jpg?sr.dw=320&sr.jqh=60&sr.dh=320&sr.mat=1,HUAWEI　ファーウェイHUAWEI P40 lite 5G スペースシルバー Kirin 820 6.5型・メモリ/ストレージ：6...,43780,https://www.biccamera.com/bc/item/8124214/
https://image.biccamera.com/img/00000008012160_A01.jpg?sr.dw=320&sr.jqh=60&sr.dh=320&sr.mat=1,モトローラ　Motorolamoto g8 power カプリブルー「PAHF0017JP」6.36型 メモリ/ストレージ：4GB/64G...,32800,https://www.biccamera.com/bc/item/8012160/
https://image.biccamera.com/img/00000008124211_A01.jpg?sr.dw=320&sr.jqh=60&sr.dh=320&sr.mat=1,HUAWEI　ファーウェイ【防水】HUAWEI P40 Pro シルバーフロスト Kirin 990 6.58型・メモリ/ストレー...,119680,https://www.biccamera.com/bc/item/8124211/
https://image.biccamera.com/img/00000006759738_A01.jpg?sr.dw=320&sr.jqh=60&sr.dh=320&sr.mat=1,HUAWEI　ファーウェイHUAWEI P30 lite Peacock Blue「51093NRT」Kirin 710 6.15型ワイド メモリ/ス...,30560,https://www.biccamera.com/bc/item/6759738/
https://image.biccamera.com/img/00000003867412_A01.jpg?sr.dw=320&sr.jqh=60&sr.dh=320&sr.mat=1,フューチャーモデル　Future　ModelNichePhone-S ホワイト 「MOB-N17-01WH」 0.96型・RAM/ROM：512MB/256MB nanoS...,6350,https://www.biccamera.com/bc/item/3867412/
https://image.biccamera.com/img/00000006590294_A01.jpg?sr.dw=320&sr.jqh=60&sr.dh=320&sr.mat=1,シャープ　SHARP【防水・防塵・おサイフケータイ】AQUOS zero アドバンスドブラック「SH-M10-B...,69800,https://www.biccamera.com/bc/item/6590294/
https://image.biccamera.com/img/00000007577337_A01.jpg?sr.dw=320&sr.jqh=60&sr.dh=320&sr.mat=1,シャープ　SHARP【防水・防塵・おサイフケータイ】AQUOS sense3 plus ブラック「SH-M11-B」6.0...,64680,https://www.biccamera.com/bc/item/7577337/
https://image.biccamera.com/img/00000007817655_A01.jpg?sr.dw=320&sr.jqh=60&sr.dh=320&sr.mat=1,モトローラ　Motorolamoto g8 plus ポイズンベリー 「PAGE0020JP」Snapdragon 665 6.3型 メモリ/ス...,38800,https://www.biccamera.com/bc/item/7817655/
https://image.biccamera.com/img/00000006195236_A01.jpg?sr.dw=320&sr.jqh=60&sr.dh=320&sr.mat=1,ASUS　エイスースZenfone Live L1 シマーゴールド「ZA550KL-GD32」 Snapdragon 430 5.5型ワイド...,18480,https://www.biccamera.com/bc/item/6195236/
https://image.biccamera.com/img/00000006156123_A01.jpg?sr.dw=320&sr.jqh=60&sr.dh=320&sr.mat=1,OPPO　オッポOPPO R17 Pro エメラルドグリーン Snapdragon 710 6.4型 メモリ/ストレージ：6...,39800,https://www.biccamera.com/bc/item/6156123/
https://image.biccamera.com/img/00000007344296_A01.jpg?sr.dw=320&sr.jqh=60&sr.dh=320&sr.mat=1,OPPO　オッポOPPO A5 2020 グリーン「CPH1943GN」Snapdragon 665 6.5型・メモリ/ストレージ...,29480,https://www.biccamera.com/bc/item/7344296/
https://image.biccamera.com/img/00000006947372_A01.jpg?sr.dw=320&sr.jqh=60&sr.dh=320&sr.mat=1,MAYA　SYSTEM　マヤシステムjetfon P6 ゴールド「ELTP18A04」5.7型 メモリ/ストレージ：2GB/16GB nanoSIM...,12800,https://www.biccamera.com/bc/item/6947372/
https://image.biccamera.com/img/00000006759736_A01.jpg?sr.dw=320&sr.jqh=60&sr.dh=320&sr.mat=1,HUAWEI　ファーウェイHUAWEI P30 lite Pearl White「51093NRV」Kirin 710 6.15型ワイド メモリ/スト...,30560,https://www.biccamera.com/bc/item/6759736/
https://image.biccamera.com/img/00000003791256_A01.jpg?sr.dw=320&sr.jqh=60&sr.dh=320&sr.mat=1,ASUS　エイスースZenFone 4 Pro（ZS551KL）ピュアブラック「ZS551KL-BK128S6」 Snapdragon 835 ...,54780,https://www.biccamera.com/bc/item/3791256/
https://image.biccamera.com/img/00000007547220_A01.jpg?sr.dw=320&sr.jqh=60&sr.dh=320&sr.mat=1,富士通　FUJITSU【防水・防塵・おサイフケータイ】arrows M05 ブラック「ASMC01001」5.8型 Sna...,38850,https://www.biccamera.com/bc/item/7547220/
https://image.biccamera.com/img/00000006815326_A01.jpg?sr.dw=320&sr.jqh=60&sr.dh=320&sr.mat=1,モトローラ　MotorolaMoto g7 Power セラミックブラック「PAEK0002JP」Snapdragon 632 6.24型ワイド...,24800,https://www.biccamera.com/bc/item/6815326/
https://image.biccamera.com/img/00000006759741_A01.jpg?sr.dw=320&sr.jqh=60&sr.dh=320&sr.mat=1,HUAWEI　ファーウェイHUAWEI P30 Breathing Crystal Kirin 980 6.1型ワイド メモリ/ストレージ：6GB...,84800,https://www.biccamera.com/bc/item/6759741/
https://image.biccamera.com/img/00000006542405_A01.jpg?sr.dw=320&sr.jqh=60&sr.dh=320&sr.mat=1,un.mode　アンモードun.mode phone01「UM-01W」ホワイト 2.4型・標準SIMｘ1 ドコモ/ソフトバンク3G...,8920,https://www.biccamera.com/bc/item/6542405/
https://image.biccamera.com/img/00000006337856_A01.jpg?sr.dw=320&sr.jqh=60&sr.dh=320&sr.mat=1,WIKO　ウィコWiko Tommy3 Plus ブリーン「W-V600」5.45型 メモリ/ストレージ：2GB/16GB mic...,14940,https://www.biccamera.com/bc/item/6337856/
https://image.biccamera.com/img/00000008096153_A01.jpg?sr.dw=320&sr.jqh=60&sr.dh=320&sr.mat=1,HUAWEI　ファーウェイHUAWEI nova lite 3＋ オーロラブルー「NOVALITE3+BLUE」Krin 710 6.21型 メモ...,26800,https://www.biccamera.com/bc/item/8096153/
https://image.biccamera.com/img/00000007577338_A01.jpg?sr.dw=320&sr.jqh=60&sr.dh=320&sr.mat=1,シャープ　SHARP【防水・防塵・おサイフケータイ】AQUOS sense3 plus ホワイト「SH-M11-W」6.0...,64680,https://www.biccamera.com/bc/item/7577338/
https://image.biccamera.com/img/00000008005666_A01.jpg?sr.dw=320&sr.jqh=60&sr.dh=320&sr.mat=1,株式会社TCLジャパンエレクトロニクスTCL-10 Pro フォレストミストグリーン「T799H-2BLCEU12」6.47型 メモリ/ストレ...,48800,https://www.biccamera.com/bc/item/8005666/
https://image.biccamera.com/img/00000003791257_A01.jpg?sr.dw=320&sr.jqh=60&sr.dh=320&sr.mat=1,ASUS　エイスースZenFone 4 Pro（ZS551KL）ムーンライトホワイト「ZS551KL-WH128S6」 Snapdrago...,64910,https://www.biccamera.com/bc/item/3791257/
https://image.biccamera.com/img/00000003777754_A01.jpg?sr.dw=320&sr.jqh=60&sr.dh=320&sr.mat=1,CAT　キャット【防水・防塵】 CAT S60 スマートフォン 「S60」 4.7インチ・メモリ/ストレー...,63580,https://www.biccamera.com/bc/item/3777754/
https://image.biccamera.com/img/00000005988400_A01.jpg?sr.dw=320&sr.jqh=60&sr.dh=320&sr.mat=1,HTC　エイチ・ティー・シー【防水・防塵・おサイフケータイ対応】HTC U11 Solar Red「U11RED」Snapdragon...,57800,https://www.biccamera.com/bc/item/5988400/
https://image.biccamera.com/img/00000005770115_A01.jpg?sr.dw=320&sr.jqh=60&sr.dh=320&sr.mat=1,フューチャーモデル　Future　ModelFutureModel フューチャーモデル NichePhone-S-4G ホワイト 「MOB-N18-01WH」n...,12430,https://www.biccamera.com/bc/item/5770115/
https://image.biccamera.com/img/00000008012159_A01.jpg?sr.dw=320&sr.jqh=60&sr.dh=320&sr.mat=1,モトローラ　Motorolamoto g8 power スモークブラック「PAHF0002JP」6.36型 メモリ/ストレージ：4GB...,32800,https://www.biccamera.com/bc/item/8012159/
https://image.biccamera.com/img/00000008184869_A01.jpg?sr.dw=320&sr.jqh=60&sr.dh=320&sr.mat=1,PLANETCOMPUTERS　プラネットコンピューターズCosmo Communicator with HDMI　日本語配列　5.99型　メモリ/ストレージ： 6GB...,107560,https://www.biccamera.com/bc/item/8184869/
https://image.biccamera.com/img/00000006701667_A01.jpg?sr.dw=320&sr.jqh=60&sr.dh=320&sr.mat=1,MAYA　SYSTEM　マヤシステムjetfon P6 ブラック「ELTP18A04」5.7型 メモリ/ストレージ：2GB/16GB nanoSIM...,14490,https://www.biccamera.com/bc/item/6701667/
https://image.biccamera.com/img/00000008124210_A01.jpg?sr.dw=320&sr.jqh=60&sr.dh=320&sr.mat=1,HUAWEI　ファーウェイ【防水】HUAWEI P40 Pro ブラック Kirin 990 6.58型・メモリ/ストレージ：8GB/...,119680,https://www.biccamera.com/bc/item/8124210/
https://image.biccamera.com/img/00000008124215_A01.jpg?sr.dw=320&sr.jqh=60&sr.dh=320&sr.mat=1,HUAWEI　ファーウェイHUAWEI P40 lite E ミッドナイトブラック Kirin 710 6.39型・メモリ/ストレー...,27280,https://www.biccamera.com/bc/item/8124215/
https://image.biccamera.com/img/00000006337855_A01.jpg?sr.dw=320&sr.jqh=60&sr.dh=320&sr.mat=1,WIKO　ウィコWiko Tommy3 Plus ANTHRACITE MATTE「W-V600」5.45型 メモリ/ストレージ：2GB/...,14940,https://www.biccamera.com/bc/item/6337855/
https://image.biccamera.com/img/00000008124212_A01.jpg?sr.dw=320&sr.jqh=60&sr.dh=320&sr.mat=1,HUAWEI　ファーウェイHUAWEI P40 lite 5G ミッドナイトブラック Kirin 820 6.5型・メモリ/ストレー...,43780,https://www.biccamera.com/bc/item/8124212/
https://image.biccamera.com/img/00000008124213_A01.jpg?sr.dw=320&sr.jqh=60&sr.dh=320&sr.mat=1,HUAWEI　ファーウェイHUAWEI P40 lite 5G クラッシュグリーン Kirin 820 6.5型・メモリ/ストレージ...,43780,https://www.biccamera.com/bc/item/8124213/
https://image.biccamera.com/img/00000006542403_A01.jpg?sr.dw=320&sr.jqh=60&sr.dh=320&sr.mat=1,un.mode　アンモードun.mode phone01「UM-01S」シルバー 2.4型・標準SIMｘ1 ドコモ/ソフトバンク3G...,7480,https://www.biccamera.com/bc/item/6542403/
https://image.biccamera.com/img/00000006759739_A01.jpg?sr.dw=320&sr.jqh=60&sr.dh=320&sr.mat=1,HUAWEI　ファーウェイHUAWEI P30 lite Midnight Black「51093NRR」Kirin 710 6.15型ワイド メモリ/...,30560,https://www.biccamera.com/bc/item/6759739/
https://image.biccamera.com/img/00000005231753_A01.jpg?sr.dw=320&sr.jqh=60&sr.dh=320&sr.mat=1,モトローラ　MotorolaMoto G6 PLUS ディープインディゴ　「PAAT0026JP」Snapdragon630 5.93型・メモ...,27200,https://www.biccamera.com/bc/item/5231753/
https://image.biccamera.com/img/00000008005665_A01.jpg?sr.dw=320&sr.jqh=60&sr.dh=320&sr.mat=1,株式会社TCLジャパンエレクトロニクスTCL-10 Pro エンバーグレー「T799H-2BLCEU12」6.47型 メモリ/ストレージ：6GB/...,48800,https://www.biccamera.com/bc/item/8005665/
https://image.biccamera.com/img/00000006815325_A01.jpg?sr.dw=320&sr.jqh=60&sr.dh=320&sr.mat=1,モトローラ　MotorolaMoto g7 Plus ディープインディゴ「PADU0003JP」Snapdragon 636 6.24型ワイド ...,28800,https://www.biccamera.com/bc/item/6815325/
https://image.biccamera.com/img/00000006542401_A01.jpg?sr.dw=320&sr.jqh=60&sr.dh=320&sr.mat=1,un.mode　アンモードun.mode phone01「UM-01BK」ブラック 2.4型・標準SIMｘ1 ドコモ/ソフトバンク3...,7480,https://www.biccamera.com/bc/item/6542401/
https://image.biccamera.com/img/00000008096152_A01.jpg?sr.dw=320&sr.jqh=60&sr.dh=320&sr.mat=1,HUAWEI　ファーウェイHUAWEI nova lite 3＋ ミッドナイトブラック「NOVALITE3+BLACK」Krin 710 6.21...,26800,https://www.biccamera.com/bc/item/8096152/
https://image.biccamera.com/img/00000006759740_A01.jpg?sr.dw=320&sr.jqh=60&sr.dh=320&sr.mat=1,HUAWEI　ファーウェイHUAWEI P30 Aurora Kirin 980 6.1型ワイド メモリ/ストレージ：6GB/128GB nano...,84800,https://www.biccamera.com/bc/item/6759740/
https://image.biccamera.com/img/00000007543398_A01.jpg?sr.dw=320&sr.jqh=60&sr.dh=320&sr.mat=1,OPPO　オッポ【防水・防塵・おサイフケータイ】OPPO Reno A ブルー「CPH1983BL」 + Y!mobil...,31600,https://www.biccamera.com/bc/item/7543398/
https://image.biccamera.com/img/00000006542402_A01.jpg?sr.dw=320&sr.jqh=60&sr.dh=320&sr.mat=1,un.mode　アンモードun.mode phone01「UM-01MB」マットブラック 2.4型・標準SIMｘ1 ドコモ/ソフト...,7480,https://www.biccamera.com/bc/item/6542402/
https://image.biccamera.com/img/00000007455795_A01.jpg?sr.dw=320&sr.jqh=60&sr.dh=320&sr.mat=1,HUAWEI　ファーウェイnova 5T クラッシュブルー「NOVA5TBLUE」6.26型 メモリ/ストレージ：8GB/128GB...,56980,https://www.biccamera.com/bc/item/7455795/
https://image.biccamera.com/img/00000006815324_A01.jpg?sr.dw=320&sr.jqh=60&sr.dh=320&sr.mat=1,モトローラ　MotorolaMoto g7 Plus ビバレッド「PADU0002JP」Snapdragon 636 6.24型ワイド メモリ/...,28800,https://www.biccamera.com/bc/item/6815324/
https://image.biccamera.com/img/00000007455794_A01.jpg?sr.dw=320&sr.jqh=60&sr.dh=320&sr.mat=1,HUAWEI　ファーウェイnova 5T ブラック「NOVA5TBLACK」6.26型 メモリ/ストレージ：8GB/128GB nanoSI...,56980,https://www.biccamera.com/bc/item/7455794/
https://image.biccamera.com/img/00000007455796_A01.jpg?sr.dw=320&sr.jqh=60&sr.dh=320&sr.mat=1,HUAWEI　ファーウェイnova 5T ミッドサマーパープル「NOVA5TPURPLE」6.26型 メモリ/ストレージ：8GB...,59800,https://www.biccamera.com/bc/item/7455796/
https://image.biccamera.com/img/00000007534357_A01.jpg?sr.dw=320&sr.jqh=60&sr.dh=320&sr.mat=1,Palm【防水・防塵】Palm Phone ゴールド「PVG100E2B1PJPD」Snapdragon 435 3.3型・...,44800,https://www.biccamera.com/bc/item/7534357/
https://image.biccamera.com/img/00000007885331_A01.jpg?sr.dw=320&sr.jqh=60&sr.dh=320&sr.mat=1,HUAWEI　ファーウェイnova 5T クラッシュグリーン「NOVA5TCRUSHGREEN」6.26型 メモリ/ストレージ：8...,57170,https://www.biccamera.com/bc/item/7885331/
https://image.biccamera.com/img/00000003649126_A01.jpg?sr.dw=320&sr.jqh=60&sr.dh=320&sr.mat=1,トリニティ　TrinityNuAns NEO CORE　WindowsPhone 10 Mobile　「NA-CORE-JP」 Snapdragon 617 Win...,22704,https://www.biccamera.com/bc/item/3649126/
https://image.biccamera.com/img/00000006174284_A01.jpg?sr.dw=320&sr.jqh=60&sr.dh=320&sr.mat=1,京セラ　KYOCERA【防水・防塵】Dura Force Pro ブラック「KCS702」5型 メモリ/ストレージ：2GB...,54780,https://www.biccamera.com/bc/item/6174284/
https://image.biccamera.com/img/00000003812579_A01.jpg?sr.dw=320&sr.jqh=60&sr.dh=320&sr.mat=1,モトローラ　MotorolaMoto G5s PLUSルナグレー「PA6V0074JP」 Snapdragon 625 5.5型・メモリ/ストレ...,25949,https://www.biccamera.com/bc/item/3812579/
https://image.biccamera.com/img/00000007543392_A01.jpg?sr.dw=320&sr.jqh=60&sr.dh=320&sr.mat=1,HUAWEI　ファーウェイHUAWEI nova lite 3 ミッドナイトブラック「NOVALITE3MIDNIGHT」 + Y!mobile音...,18696,https://www.biccamera.com/bc/item/7543392/
https://image.biccamera.com/img/00000006441671_A01.jpg?sr.dw=320&sr.jqh=60&sr.dh=320&sr.mat=1,シャープ　SHARPRoBoHoN ロボホン 3G・LTE対応モデル SR-03MY,194400,https://www.biccamera.com/bc/item/6441671/
https://image.biccamera.com/img/00000007543410_A01.jpg?sr.dw=320&sr.jqh=60&sr.dh=320&sr.mat=1,HUAWEI　ファーウェイHUAWEI nova lite 3 ミッドナイトブラック「NOVALITE3MIDNIGHT」 + LINEエント...,19530,https://www.biccamera.com/bc/item/7543410/
https://image.biccamera.com/img/00000005574490_A01.jpg?sr.dw=320&sr.jqh=60&sr.dh=320&sr.mat=1,MAYA　SYSTEM　マヤシステムMAYASYSTEM jetfon シャンパンゴールド 「G1701-CG」Snapdragon 652 5.5インチ...,19390,https://www.biccamera.com/bc/item/5574490/
https://image.biccamera.com/img/00000007543394_A01.jpg?sr.dw=320&sr.jqh=60&sr.dh=320&sr.mat=1,OPPO　オッポOPPO A5 2020 ブルー「CPH1943BL」 + Y!mobile音声パッケージセット,28006,https://www.biccamera.com/bc/item/7543394/
https://image.biccamera.com/img/00000007543397_A01.jpg?sr.dw=320&sr.jqh=60&sr.dh=320&sr.mat=1,OPPO　オッポ【防水・防塵・おサイフケータイ】OPPO Reno A ブラック「CPH1983BK」 + Y!mob...,31600,https://www.biccamera.com/bc/item/7543397/
https://image.biccamera.com/img/00000006815322_A01.jpg?sr.dw=320&sr.jqh=60&sr.dh=320&sr.mat=1,モトローラ　MotorolaMoto g7 セラミックブラック「PADY0000JP」Snapdragon 632 6.24型ワイド メモ...,28800,https://www.biccamera.com/bc/item/6815322/
https://image.biccamera.com/img/00000006815323_A01.jpg?sr.dw=320&sr.jqh=60&sr.dh=320&sr.mat=1,モトローラ　MotorolaMoto g7 クリアホワイト「PADY0001JP」Snapdragon 632 6.24型ワイド メモリ/ス...,28800,https://www.biccamera.com/bc/item/6815323/
https://image.biccamera.com/img/00000005248912_A01.jpg?sr.dw=320&sr.jqh=60&sr.dh=320&sr.mat=1,HUAWEI　ファーウェイHUAWEI P20 Black「51092NAT」Kirin 970 5.8型・メモリ/ストレージ：4GB/128GB...,76780,https://www.biccamera.com/bc/item/5248912/
https://image.biccamera.com/img/00000007543399_A01.jpg?sr.dw=320&sr.jqh=60&sr.dh=320&sr.mat=1,OPPO　オッポ【防水・防塵・おサイフケータイ】OPPO Reno A ブルー「CPH1983BL」 + LINEエ...,33300,https://www.biccamera.com/bc/item/7543399/
https://image.biccamera.com/img/00000007543393_A01.jpg?sr.dw=320&sr.jqh=60&sr.dh=320&sr.mat=1,OPPO　オッポOPPO A5 2020 グリーン「CPH1943GN」 + Y!mobile音声パッケージセット,28006,https://www.biccamera.com/bc/item/7543393/
https://image.biccamera.com/img/00000007543385_A01.jpg?sr.dw=320&sr.jqh=60&sr.dh=320&sr.mat=1,HUAWEI　ファーウェイHUAWEI P30 lite Peacock Blue「51093NRT」 + Y!mobile音声パッケージセット,29032,https://www.biccamera.com/bc/item/7543385/
https://image.biccamera.com/img/00000007388185_A01.jpg?sr.dw=320&sr.jqh=60&sr.dh=320&sr.mat=1,PUP　ピーアップMode 1 RR ブラック「MD04PK」6.3型・メモリ/ストレージ：4GB/64GB microSIMx1...,31790,https://www.biccamera.com/bc/item/7388185/
https://image.biccamera.com/img/00000004288870_A01.jpg?sr.dw=320&sr.jqh=60&sr.dh=320&sr.mat=1,ドウシシャ　DOSHISHAFastFoneLTEモデル+SIM+050パック ES02P4G ＳＩＭフリースマートフォン,27280,https://www.biccamera.com/bc/item/4288870/
https://image.biccamera.com/img/00000007543400_A01.jpg?sr.dw=320&sr.jqh=60&sr.dh=320&sr.mat=1,OPPO　オッポ【防水・防塵・おサイフケータイ】OPPO Reno A ブラック「CPH1983BK」 + LINE...,33300,https://www.biccamera.com/bc/item/7543400/
https://image.biccamera.com/img/00000007543386_A01.jpg?sr.dw=320&sr.jqh=60&sr.dh=320&sr.mat=1,HUAWEI　ファーウェイHUAWEI P30 lite Pearl White「51093NRV」 + Y!mobile音声パッケージセット,29032,https://www.biccamera.com/bc/item/7543386/
https://image.biccamera.com/img/00000007388184_A01.jpg?sr.dw=320&sr.jqh=60&sr.dh=320&sr.mat=1,PUP　ピーアップMode 1 RR ホワイト「MD04PW」6.3型・メモリ/ストレージ：4GB/64GB microSIMx1...,31790,https://www.biccamera.com/bc/item/7388184/
https://image.biccamera.com/img/00000007543406_A01.jpg?sr.dw=320&sr.jqh=60&sr.dh=320&sr.mat=1,HUAWEI　ファーウェイHUAWEI P30 lite Peacock Blue「51093NRT」 + LINEエントリーパッケージセット,30084,https://www.biccamera.com/bc/item/7543406/
https://image.biccamera.com/img/00000007543382_A01.jpg?sr.dw=320&sr.jqh=60&sr.dh=320&sr.mat=1,HUAWEI　ファーウェイHUAWEI P30 Aurora + Y!mobile音声パッケージセット,80560,https://www.biccamera.com/bc/item/7543382/
https://image.biccamera.com/img/00000007543404_A01.jpg?sr.dw=320&sr.jqh=60&sr.dh=320&sr.mat=1,HUAWEI　ファーウェイHUAWEI P30 Aurora + LINEエントリーパッケージセット,82706,https://www.biccamera.com/bc/item/7543404/
https://image.biccamera.com/img/00000007543407_A01.jpg?sr.dw=320&sr.jqh=60&sr.dh=320&sr.mat=1,HUAWEI　ファーウェイHUAWEI P30 lite Pearl White「51093NRV」 + LINEエントリーパッケージセット,30084,https://www.biccamera.com/bc/item/7543407/
https://image.biccamera.com/img/00000007543388_A01.jpg?sr.dw=320&sr.jqh=60&sr.dh=320&sr.mat=1,HUAWEI　ファーウェイnova 5T クラッシュブルー「NOVA5TBLUE」 + Y!mobile音声パッケージセット,56459,https://www.biccamera.com/bc/item/7543388/
https://image.biccamera.com/img/00000007543405_A01.jpg?sr.dw=320&sr.jqh=60&sr.dh=320&sr.mat=1,HUAWEI　ファーウェイHUAWEI P30 lite Midnight Black「51093NRR」 + LINEエントリーパッケージセット,30084,https://www.biccamera.com/bc/item/7543405/
https://image.biccamera.com/img/00000007543389_A01.jpg?sr.dw=320&sr.jqh=60&sr.dh=320&sr.mat=1,HUAWEI　ファーウェイnova 5T ミッドサマーパープル「NOVA5TPURPLE」 + Y!mobile音声パッケージセット,56459,https://www.biccamera.com/bc/item/7543389/
https://image.biccamera.com/img/00000007543387_A01.jpg?sr.dw=320&sr.jqh=60&sr.dh=320&sr.mat=1,HUAWEI　ファーウェイnova 5T ブラック「NOVA5TBLACK」 + Y!mobile音声パッケージセット,56459,https://www.biccamera.com/bc/item/7543387/
https://image.biccamera.com/img/00000007543384_A01.jpg?sr.dw=320&sr.jqh=60&sr.dh=320&sr.mat=1,HUAWEI　ファーウェイHUAWEI P30 lite Midnight Black「51093NRR」 + Y!mobile音声パッケージセット,29032,https://www.biccamera.com/bc/item/7543384/
