https://image.biccamera.com/img/00000007922914_A01.jpg?sr.dw=320&sr.jqh=60&sr.dh=320&sr.mat=1,アップル　Apple MacBook Air 13インチ Retinaディスプレイ［2020年 /SSD 256GB /メモリ 8GB /1...,115280,https://www.biccamera.com/bc/item/7922914/
https://image.biccamera.com/img/00000007922912_A01.jpg?sr.dw=320&sr.jqh=60&sr.dh=320&sr.mat=1,アップル　Apple MacBook Air 13インチ Retinaディスプレイ［2020年 /SSD 512GB /メモリ 8GB /1...,148280,https://www.biccamera.com/bc/item/7922912/
https://image.biccamera.com/img/00000007922916_A01.jpg?sr.dw=320&sr.jqh=60&sr.dh=320&sr.mat=1,アップル　Apple MacBook Air 13インチ Retinaディスプレイ［2020年 /SSD 256GB /メモリ 8GB /1...,115280,https://www.biccamera.com/bc/item/7922916/
https://image.biccamera.com/img/00000007922915_A01.jpg?sr.dw=320&sr.jqh=60&sr.dh=320&sr.mat=1,アップル　Apple MacBook Air 13インチ Retinaディスプレイ［2020年 /SSD 256GB /メモリ 8GB /1...,115280,https://www.biccamera.com/bc/item/7922915/
https://image.biccamera.com/img/00000007922911_A01.jpg?sr.dw=320&sr.jqh=60&sr.dh=320&sr.mat=1,アップル　Apple MacBook Air 13インチ Retinaディスプレイ［2020年 /SSD 512GB /メモリ 8GB /1...,148280,https://www.biccamera.com/bc/item/7922911/
https://image.biccamera.com/img/00000007922913_A01.jpg?sr.dw=320&sr.jqh=60&sr.dh=320&sr.mat=1,アップル　Apple MacBook Air 13インチ Retinaディスプレイ［2020年 /SSD 512GB /メモリ 8GB /1...,148280,https://www.biccamera.com/bc/item/7922913/
https://image.biccamera.com/img/00000008058467_A01.jpg?sr.dw=320&sr.jqh=60&sr.dh=320&sr.mat=1,アップル　Apple MacBookPro 13インチ Touch Bar搭載モデル[2020年/SSD 256GB/メモリ 8GB/ 第8...,148280,https://www.biccamera.com/bc/item/8058467/
https://image.biccamera.com/img/00000008058463_A01.jpg?sr.dw=320&sr.jqh=60&sr.dh=320&sr.mat=1,アップル　Apple MacBookPro 13インチ Touch Bar搭載モデル[2020年/SSD 512GB/メモリ 16GB/ 第1...,207680,https://www.biccamera.com/bc/item/8058463/
https://image.biccamera.com/img/00000007460050_A01.jpg?sr.dw=320&sr.jqh=60&sr.dh=320&sr.mat=1,アップル　Apple MacBookPro 16インチ Touch Bar搭載モデル[2019年/SSD 512GB/メモリ 16GB/2.6G...,273680,https://www.biccamera.com/bc/item/7460050/
https://image.biccamera.com/img/00000008058465_A01.jpg?sr.dw=320&sr.jqh=60&sr.dh=320&sr.mat=1,アップル　Apple MacBookPro 13インチ Touch Bar搭載モデル[2020年/SSD 512GB/メモリ 16GB/ 第1...,207680,https://www.biccamera.com/bc/item/8058465/
https://image.biccamera.com/img/00000007460051_A01.jpg?sr.dw=320&sr.jqh=60&sr.dh=320&sr.mat=1,アップル　Apple MacBookPro 16インチ Touch Bar搭載モデル[2019年/SSD 1TB/メモリ 16GB/2.3GHz...,317680,https://www.biccamera.com/bc/item/7460051/
https://image.biccamera.com/img/00000008058469_A01.jpg?sr.dw=320&sr.jqh=60&sr.dh=320&sr.mat=1,アップル　Apple MacBookPro 13インチ Touch Bar搭載モデル[2020年/SSD 256GB/メモリ 8GB/ 第8...,148280,https://www.biccamera.com/bc/item/8058469/
https://image.biccamera.com/img/00000005432336_A01.jpg?sr.dw=320&sr.jqh=60&sr.dh=320&sr.mat=1,アップル　Apple MacBookPro 15インチ Touch Bar搭載モデル[2018年/SSD 512GB/メモリ 16GB/2.6G...,199800,https://www.biccamera.com/bc/item/5432336/
https://image.biccamera.com/img/00000008058468_A01.jpg?sr.dw=320&sr.jqh=60&sr.dh=320&sr.mat=1,アップル　Apple MacBookPro 13インチ Touch Bar搭載モデル[2020年/SSD 512GB/メモリ 8GB/ 第8...,170280,https://www.biccamera.com/bc/item/8058468/
https://image.biccamera.com/img/00000008058464_A01.jpg?sr.dw=320&sr.jqh=60&sr.dh=320&sr.mat=1,アップル　Apple MacBookPro 13インチ Touch Bar搭載モデル[2020年/SSD 1TB/メモリ 16GB/ 第10...,229680,https://www.biccamera.com/bc/item/8058464/
https://image.biccamera.com/img/00000008058466_A01.jpg?sr.dw=320&sr.jqh=60&sr.dh=320&sr.mat=1,アップル　Apple MacBookPro 13インチ Touch Bar搭載モデル[2020年/SSD 1TB/メモリ 16GB/ 第10...,229680,https://www.biccamera.com/bc/item/8058466/
https://image.biccamera.com/img/00000007505220_A01.jpg?sr.dw=320&sr.jqh=60&sr.dh=320&sr.mat=1,アップル　Apple MacBookPro 15インチ Touch Bar搭載 USキーボード カスタマイズモデル[2018年/...,189800,https://www.biccamera.com/bc/item/7505220/
https://image.biccamera.com/img/00000008058470_A01.jpg?sr.dw=320&sr.jqh=60&sr.dh=320&sr.mat=1,アップル　Apple MacBookPro 13インチ Touch Bar搭載モデル[2020年/SSD 512GB/メモリ 8GB/ 第8...,170280,https://www.biccamera.com/bc/item/8058470/
https://image.biccamera.com/img/00000007460052_A01.jpg?sr.dw=320&sr.jqh=60&sr.dh=320&sr.mat=1,アップル　Apple MacBookPro 16インチ Touch Bar搭載モデル[2019年/SSD 512GB/メモリ 16GB/2.6G...,273680,https://www.biccamera.com/bc/item/7460052/
https://image.biccamera.com/img/00000007460053_A01.jpg?sr.dw=320&sr.jqh=60&sr.dh=320&sr.mat=1,アップル　Apple MacBookPro 16インチ Touch Bar搭載モデル[2019年/SSD 1TB/メモリ 16GB/2.3GHz...,317680,https://www.biccamera.com/bc/item/7460053/
https://image.biccamera.com/img/00000006787531_A01.jpg?sr.dw=320&sr.jqh=60&sr.dh=320&sr.mat=1,アップル　Apple MacBookPro 13インチ Touch Bar搭載モデル[2019年/SSD 512GB/メモリ 8GB/2.4GH...,195580,https://www.biccamera.com/bc/item/6787531/
https://image.biccamera.com/img/00000006790902_A01.jpg?sr.dw=320&sr.jqh=60&sr.dh=320&sr.mat=1,アップル　Apple MacBookPro 15インチ Touch Bar搭載・USキーボードモデル[2019年/SSD 512GB/メ...,299800,https://www.biccamera.com/bc/item/6790902/
https://image.biccamera.com/img/00000006790901_A01.jpg?sr.dw=320&sr.jqh=60&sr.dh=320&sr.mat=1,アップル　Apple MacBookPro 13インチ Touch Bar搭載・USキーボードモデル[2019年/SSD 512GB/メ...,242800,https://www.biccamera.com/bc/item/6790901/
https://image.biccamera.com/img/00000006063720_A01.jpg?sr.dw=320&sr.jqh=60&sr.dh=320&sr.mat=1,アップル　Apple MacBook 12インチ[SSD 256GB/メモリ 8GB/1.2GHzデュアルコアCore m3]ゴールド ...,109800,https://www.biccamera.com/bc/item/6063720/
https://image.biccamera.com/img/00000003668929_A01.jpg?sr.dw=320&sr.jqh=60&sr.dh=320&sr.mat=1,アップル　Apple MacBook 12インチ[2017年/SSD 256GB/メモリ 8GB/1.2GHzデュアルコアCore m3]ス...,109800,https://www.biccamera.com/bc/item/3668929/
https://image.biccamera.com/img/00000003668930_A01.jpg?sr.dw=320&sr.jqh=60&sr.dh=320&sr.mat=1,アップル　Apple MacBook 12インチ[2017年/SSD 512GB/メモリ 8GB/1.3GHzデュアルコアCore i5]ス...,139800,https://www.biccamera.com/bc/item/3668930/
https://image.biccamera.com/img/00000006063721_A01.jpg?sr.dw=320&sr.jqh=60&sr.dh=320&sr.mat=1,アップル　Apple MacBook 12インチ[SSD 512GB/メモリ 8GB/1.3GHzデュアルコアCore i5]ゴールド ...,149800,https://www.biccamera.com/bc/item/6063721/
https://image.biccamera.com/img/00000003668936_A01.jpg?sr.dw=320&sr.jqh=60&sr.dh=320&sr.mat=1,アップル　Apple MacBook 12インチ[2017年/SSD 512GB/メモリ 8GB/1.3GHzデュアルコアCore i5]ロ...,119800,https://www.biccamera.com/bc/item/3668936/
https://image.biccamera.com/img/00000003668933_A01.jpg?sr.dw=320&sr.jqh=60&sr.dh=320&sr.mat=1,アップル　Apple MacBook 12インチ[2017年/SSD 256GB/メモリ 8GB/1.2GHzデュアルコアCore m3]ゴ...,104800,https://www.biccamera.com/bc/item/3668933/
https://image.biccamera.com/img/00000003668931_A01.jpg?sr.dw=320&sr.jqh=60&sr.dh=320&sr.mat=1,アップル　Apple MacBook 12インチ[2017年/SSD 256GB/メモリ 8GB/1.2GHzデュアルコアCore m3]シ...,119800,https://www.biccamera.com/bc/item/3668931/
https://image.biccamera.com/img/00000003668935_A01.jpg?sr.dw=320&sr.jqh=60&sr.dh=320&sr.mat=1,アップル　Apple MacBook 12インチ[2017年/SSD 256GB/メモリ 8GB/1.2GHzデュアルコアCore m3]ロ...,119800,https://www.biccamera.com/bc/item/3668935/
https://image.biccamera.com/img/00000003668932_A01.jpg?sr.dw=320&sr.jqh=60&sr.dh=320&sr.mat=1,アップル　Apple MacBook 12インチ[2017年/SSD 512GB/メモリ 8GB/1.3GHzデュアルコアCore i5]シ...,139800,https://www.biccamera.com/bc/item/3668932/
https://image.biccamera.com/img/00000003104773_A01.jpg?sr.dw=320&sr.jqh=60&sr.dh=320&sr.mat=1,アップル　Apple MacBook 12インチ[2015年/SSD 256GB/メモリ 8GB/1.1GHzデュアルコアCore M]シ...,120780,https://www.biccamera.com/bc/item/3104773/
https://image.biccamera.com/img/00000003104774_A01.jpg?sr.dw=320&sr.jqh=60&sr.dh=320&sr.mat=1,アップル　Apple MacBook 12インチ[2015年/SSD 256GB/メモリ 8GB/1.1GHzデュアルコアCore M]ゴ...,120780,https://www.biccamera.com/bc/item/3104774/
https://image.biccamera.com/img/00000003752851_A01.jpg?sr.dw=320&sr.jqh=60&sr.dh=320&sr.mat=1,アップル　Apple MacBook 12インチ USキーボードモデル[2016年/SSD 256GB/メモリ 8GB/1.1GHzデ...,109780,https://www.biccamera.com/bc/item/3752851/
https://image.biccamera.com/img/00000003668934_A01.jpg?sr.dw=320&sr.jqh=60&sr.dh=320&sr.mat=1,アップル　Apple MacBook 12インチ[2017年/SSD 512GB/メモリ 8GB/1.3GHzデュアルコアCore i5]ゴ...,139800,https://www.biccamera.com/bc/item/3668934/
https://image.biccamera.com/img/00000003338359_A01.jpg?sr.dw=320&sr.jqh=60&sr.dh=320&sr.mat=1,アップル　Apple MacBook 12インチ[2016年/SSD 256GB/メモリ 8GB/1.1GHzデュアルコアCore m3]ス...,109780,https://www.biccamera.com/bc/item/3338359/
https://image.biccamera.com/img/00000003338362_A01.jpg?sr.dw=320&sr.jqh=60&sr.dh=320&sr.mat=1,アップル　Apple MacBook 12インチ[2016年/SSD 512GB/メモリ 8GB/1.2GHzデュアルコアCore m5]シ...,139800,https://www.biccamera.com/bc/item/3338362/
https://image.biccamera.com/img/00000003338368_A01.jpg?sr.dw=320&sr.jqh=60&sr.dh=320&sr.mat=1,アップル　Apple MacBook 12インチ[2016年/SSD 256GB/メモリ 8GB/1.1GHzデュアルコアCore m3]ゴ...,109780,https://www.biccamera.com/bc/item/3338368/
https://image.biccamera.com/img/00000003752859_A01.jpg?sr.dw=320&sr.jqh=60&sr.dh=320&sr.mat=1,アップル　Apple MacBook 12インチ USキーボードモデル[2016年/SSD 256GB/メモリ 8GB/1.1GHzデ...,141669,https://www.biccamera.com/bc/item/3752859/
https://image.biccamera.com/img/00000003752860_A01.jpg?sr.dw=320&sr.jqh=60&sr.dh=320&sr.mat=1,アップル　Apple MacBook 12インチ USキーボードモデル[2016年/SSD 256GB/メモリ 8GB/1.1GHzデ...,141669,https://www.biccamera.com/bc/item/3752860/
https://image.biccamera.com/img/00000003338367_A01.jpg?sr.dw=320&sr.jqh=60&sr.dh=320&sr.mat=1,アップル　Apple MacBook 12インチ[2016年/SSD 256GB/メモリ 8GB/1.1GHzデュアルコアCore m3]ロ...,141680,https://www.biccamera.com/bc/item/3338367/
https://image.biccamera.com/img/00000003338361_A01.jpg?sr.dw=320&sr.jqh=60&sr.dh=320&sr.mat=1,アップル　Apple MacBook 12インチ[2016年/SSD 256GB/メモリ 8GB/1.1GHzデュアルコアCore m3]シ...,130680,https://www.biccamera.com/bc/item/3338361/
https://image.biccamera.com/img/00000003752853_A01.jpg?sr.dw=320&sr.jqh=60&sr.dh=320&sr.mat=1,アップル　Apple MacBook 12インチ USキーボードモデル[2016年/SSD 256GB/メモリ 8GB/1.1GHzデ...,130680,https://www.biccamera.com/bc/item/3752853/
https://image.biccamera.com/img/00000003338364_A01.jpg?sr.dw=320&sr.jqh=60&sr.dh=320&sr.mat=1,アップル　Apple MacBook 12インチ[2016年/SSD 512GB/メモリ 8GB/1.2GHzデュアルコアCore m5]ゴ...,129800,https://www.biccamera.com/bc/item/3338364/
https://image.biccamera.com/img/00000003338360_A01.jpg?sr.dw=320&sr.jqh=60&sr.dh=320&sr.mat=1,アップル　Apple MacBook 12インチ[2016年/SSD 512GB/メモリ 8GB/1.2GHzデュアルコアCore m5]ス...,153780,https://www.biccamera.com/bc/item/3338360/
https://image.biccamera.com/img/00000003338363_A01.jpg?sr.dw=320&sr.jqh=60&sr.dh=320&sr.mat=1,アップル　Apple MacBook 12インチ[2016年/SSD 512GB/メモリ 8GB/1.2GHzデュアルコアCore m5]ロ...,153780,https://www.biccamera.com/bc/item/3338363/
https://image.biccamera.com/img/00000003752852_A01.jpg?sr.dw=320&sr.jqh=60&sr.dh=320&sr.mat=1,アップル　Apple MacBook 12インチ USキーボードモデル[2016年/SSD 512GB/メモリ 8GB/1.2GHzデ...,163680,https://www.biccamera.com/bc/item/3752852/
https://image.biccamera.com/img/00000003752855_A01.jpg?sr.dw=320&sr.jqh=60&sr.dh=320&sr.mat=1,アップル　Apple MacBook 12インチ USキーボードモデル[2016年/SSD 512GB/メモリ 8GB/1.2GHzデ...,174669,https://www.biccamera.com/bc/item/3752855/
https://image.biccamera.com/img/00000003752854_A01.jpg?sr.dw=320&sr.jqh=60&sr.dh=320&sr.mat=1,アップル　Apple MacBook 12インチ USキーボードモデル[2016年/SSD 512GB/メモリ 8GB/1.2GHzデ...,174669,https://www.biccamera.com/bc/item/3752854/
https://image.biccamera.com/img/00000003752856_A01.jpg?sr.dw=320&sr.jqh=60&sr.dh=320&sr.mat=1,アップル　Apple MacBook 12インチ USキーボードモデル[2016年/SSD 512GB/メモリ 8GB/1.2GHzデ...,174669,https://www.biccamera.com/bc/item/3752856/
https://image.biccamera.com/img/00000006948242_A01.jpg?sr.dw=320&sr.jqh=60&sr.dh=320&sr.mat=1,アップル　Apple MacBook Air 13インチRetinaディスプレイ [2019年 /SSD 256GB/メモリ 8GB/1.6G...,109780,https://www.biccamera.com/bc/item/6948242/
https://image.biccamera.com/img/00000003668949_A01.jpg?sr.dw=320&sr.jqh=60&sr.dh=320&sr.mat=1,アップル　Apple MacBook Air 13インチモデル [2017年 /SSD 128GB/ メモリ 8GB/ 1.8GHzデュアル...,89800,https://www.biccamera.com/bc/item/3668949/
https://image.biccamera.com/img/00000006063718_A01.jpg?sr.dw=320&sr.jqh=60&sr.dh=320&sr.mat=1,アップル　Apple MacBook Air 13インチRetinaディスプレイ [2018年 /SSD 128GB /メモリ 8GB /1....,89800,https://www.biccamera.com/bc/item/6063718/
https://image.biccamera.com/img/00000006429742_A01.jpg?sr.dw=320&sr.jqh=60&sr.dh=320&sr.mat=1,アップル　Apple MacBook Air 13インチ カスタマイズモデル[Core i7(2.2GHz)／8GB／SSD：128GB]...,126819,https://www.biccamera.com/bc/item/6429742/
https://image.biccamera.com/img/00000006985368_A01.jpg?sr.dw=320&sr.jqh=60&sr.dh=320&sr.mat=1,アップル　Apple MacBook Air 13インチRetinaディスプレイ カスタマイズモデル [2018年 /SSD 51...,139800,https://www.biccamera.com/bc/item/6985368/
https://image.biccamera.com/img/00000006063714_A01.jpg?sr.dw=320&sr.jqh=60&sr.dh=320&sr.mat=1,アップル　Apple MacBook Air 13インチRetinaディスプレイ [2018年 /SSD 128GB /メモリ 8GB /1....,89800,https://www.biccamera.com/bc/item/6063714/
https://image.biccamera.com/img/00000006985362_A01.jpg?sr.dw=320&sr.jqh=60&sr.dh=320&sr.mat=1,アップル　Apple MacBook Air 13インチRetinaディスプレイ USキーボード カスタマイズモデル  [...,104800,https://www.biccamera.com/bc/item/6985362/
https://image.biccamera.com/img/00000003668924_A01.jpg?sr.dw=320&sr.jqh=60&sr.dh=320&sr.mat=1,アップル　Apple MacBook Air 13インチ [Core i5(1.8GHz)／8GB／SSD：256GB] 　MQD42J/A,113800,https://www.biccamera.com/bc/item/3668924/
https://image.biccamera.com/img/00000006985369_A01.jpg?sr.dw=320&sr.jqh=60&sr.dh=320&sr.mat=1,アップル　Apple MacBook Air 13インチRetinaディスプレイ USキーボード カスタマイズモデル [2...,129800,https://www.biccamera.com/bc/item/6985369/
https://image.biccamera.com/img/00000006185322_A01.jpg?sr.dw=320&sr.jqh=60&sr.dh=320&sr.mat=1,アップル　Apple MacBook Air 13インチRetinaディスプレイ [2018年 /SSD 256GB /メモリ 16GB /1...,196669,https://www.biccamera.com/bc/item/6185322/
https://image.biccamera.com/img/00000003338365_A01.jpg?sr.dw=320&sr.jqh=60&sr.dh=320&sr.mat=1,アップル　Apple MacBookAir 13インチ [Core i5(1.6GHz)／8GB／SSD：128GB] （Early 2015）　MM...,93280,https://www.biccamera.com/bc/item/3338365/
https://image.biccamera.com/img/00000006063716_A01.jpg?sr.dw=320&sr.jqh=60&sr.dh=320&sr.mat=1,アップル　Apple MacBook Air 13インチRetinaディスプレイ [2018年 /SSD 128GB /メモリ 8GB /1....,89800,https://www.biccamera.com/bc/item/6063716/
https://image.biccamera.com/img/00000006985365_A01.jpg?sr.dw=320&sr.jqh=60&sr.dh=320&sr.mat=1,アップル　Apple MacBook Air 13インチRetinaディスプレイ USキーボード カスタマイズモデル [2...,129800,https://www.biccamera.com/bc/item/6985365/
https://image.biccamera.com/img/00000006948238_A01.jpg?sr.dw=320&sr.jqh=60&sr.dh=320&sr.mat=1,アップル　Apple MacBook Air 13インチRetinaディスプレイ [2019年 /SSD 256GB/メモリ 8GB/1.6G...,109780,https://www.biccamera.com/bc/item/6948238/
https://image.biccamera.com/img/00000006429750_A01.jpg?sr.dw=320&sr.jqh=60&sr.dh=320&sr.mat=1,アップル　Apple MacBook Air 13インチRetinaディスプレイ USキーボード カスタマイズモデル[20...,148269,https://www.biccamera.com/bc/item/6429750/
https://image.biccamera.com/img/00000003338366_A01.jpg?sr.dw=320&sr.jqh=60&sr.dh=320&sr.mat=1,アップル　Apple MacBookAir 13インチ [Core i5(1.6GHz)／8GB／SSD：256GB] （Early 2015）　MM...,109780,https://www.biccamera.com/bc/item/3338366/
https://image.biccamera.com/img/00000003752858_A01.jpg?sr.dw=320&sr.jqh=60&sr.dh=320&sr.mat=1,アップル　Apple MacBookAir 13インチ [Core i5(1.6GHz)／8GB／SSD：256GB／USキーボード] （Ea...,124069,https://www.biccamera.com/bc/item/3752858/
https://image.biccamera.com/img/00000006948240_A01.jpg?sr.dw=320&sr.jqh=60&sr.dh=320&sr.mat=1,アップル　Apple MacBook Air 13インチRetinaディスプレイ [2019年 /SSD 256GB/メモリ 8GB/1.6G...,109780,https://www.biccamera.com/bc/item/6948240/
https://image.biccamera.com/img/00000006063715_A01.jpg?sr.dw=320&sr.jqh=60&sr.dh=320&sr.mat=1,アップル　Apple MacBook Air 13インチRetinaディスプレイ [2018年 /SSD 256GB /メモリ 8GB /1....,134800,https://www.biccamera.com/bc/item/6063715/
https://image.biccamera.com/img/00000006063717_A01.jpg?sr.dw=320&sr.jqh=60&sr.dh=320&sr.mat=1,アップル　Apple MacBook Air 13インチRetinaディスプレイ [2018年 /SSD 256GB /メモリ 8GB /1....,123800,https://www.biccamera.com/bc/item/6063717/
https://image.biccamera.com/img/00000006985358_A01.jpg?sr.dw=320&sr.jqh=60&sr.dh=320&sr.mat=1,アップル　Apple MacBook Air 13インチRetinaディスプレイ USキーボード カスタマイズモデル [2...,104800,https://www.biccamera.com/bc/item/6985358/
https://image.biccamera.com/img/00000006429749_A01.jpg?sr.dw=320&sr.jqh=60&sr.dh=320&sr.mat=1,アップル　Apple MacBook Air 13インチRetinaディスプレイ USキーボード カスタマイズモデル[20...,172469,https://www.biccamera.com/bc/item/6429749/
https://image.biccamera.com/img/00000006985363_A01.jpg?sr.dw=320&sr.jqh=60&sr.dh=320&sr.mat=1,アップル　Apple MacBook Air 13インチRetinaディスプレイ USキーボード カスタマイズモデル  [...,129800,https://www.biccamera.com/bc/item/6985363/
https://image.biccamera.com/img/00000006985359_A01.jpg?sr.dw=320&sr.jqh=60&sr.dh=320&sr.mat=1,アップル　Apple MacBook Air 13インチRetinaディスプレイ USキーボード カスタマイズモデル [2...,129800,https://www.biccamera.com/bc/item/6985359/
https://image.biccamera.com/img/00000006985361_A01.jpg?sr.dw=320&sr.jqh=60&sr.dh=320&sr.mat=1,アップル　Apple MacBook Air 13インチRetinaディスプレイ USキーボード カスタマイズモデル [2...,129800,https://www.biccamera.com/bc/item/6985361/
https://image.biccamera.com/img/00000006429743_A01.jpg?sr.dw=320&sr.jqh=60&sr.dh=320&sr.mat=1,アップル　Apple MacBook Air 13インチ USキーボード カスタマイズモデル[Core i7(2.2GHz)／8GB...,126819,https://www.biccamera.com/bc/item/6429743/
https://image.biccamera.com/img/00000006063719_A01.jpg?sr.dw=320&sr.jqh=60&sr.dh=320&sr.mat=1,アップル　Apple MacBook Air 13インチRetinaディスプレイ [2018年 /SSD 256GB /メモリ 8GB /1....,134800,https://www.biccamera.com/bc/item/6063719/
https://image.biccamera.com/img/00000007633079_A01.jpg?sr.dw=320&sr.jqh=60&sr.dh=320&sr.mat=1,ビックカメラ限定セット MacBook Air 13インチRetinaディスプレイ＋AppleCare [2019年 /SSD 128GB/メモ...,157950,https://www.biccamera.com/bc/item/7633079/
https://image.biccamera.com/img/00000006429752_A01.jpg?sr.dw=320&sr.jqh=60&sr.dh=320&sr.mat=1,アップル　Apple MacBook Air 13インチRetinaディスプレイ USキーボード カスタマイズモデル[20...,172469,https://www.biccamera.com/bc/item/6429752/
https://image.biccamera.com/img/00000007633080_A01.jpg?sr.dw=320&sr.jqh=60&sr.dh=320&sr.mat=1,ビックカメラ限定セット MacBook Air 13インチRetinaディスプレイ＋AppleCare [2019年 /SSD 128GB/メモ...,157950,https://www.biccamera.com/bc/item/7633080/
https://image.biccamera.com/img/00000006429744_A01.jpg?sr.dw=320&sr.jqh=60&sr.dh=320&sr.mat=1,アップル　Apple MacBook Air 13インチRetinaディスプレイ USキーボード カスタマイズモデル[20...,148269,https://www.biccamera.com/bc/item/6429744/
https://image.biccamera.com/img/00000003752857_A01.jpg?sr.dw=320&sr.jqh=60&sr.dh=320&sr.mat=1,アップル　Apple MacBookAir 13インチ [Core i5(1.6GHz)／8GB／SSD：128GB／USキーボード] （Ea...,102069,https://www.biccamera.com/bc/item/3752857/
https://image.biccamera.com/img/00000003328412_A01.jpg?sr.dw=320&sr.jqh=60&sr.dh=320&sr.mat=1,アップル　Apple MacBookAir 11インチ [Core i5(1.6GHz)/8GB/SSD:128GB] 　Z0RK00038,126280,https://www.biccamera.com/bc/item/3328412/
https://image.biccamera.com/img/00000006429746_A01.jpg?sr.dw=320&sr.jqh=60&sr.dh=320&sr.mat=1,アップル　Apple MacBook Air 13インチRetinaディスプレイ USキーボード カスタマイズモデル[20...,172469,https://www.biccamera.com/bc/item/6429746/
https://image.biccamera.com/img/00000006185323_A01.jpg?sr.dw=320&sr.jqh=60&sr.dh=320&sr.mat=1,アップル　Apple MacBook Air 13インチRetinaディスプレイ [2018年 /SSD 256GB /メモリ 16GB /1...,196669,https://www.biccamera.com/bc/item/6185323/
https://image.biccamera.com/img/00000006429747_A01.jpg?sr.dw=320&sr.jqh=60&sr.dh=320&sr.mat=1,アップル　Apple MacBook Air 13インチRetinaディスプレイ USキーボード カスタマイズモデル[20...,148269,https://www.biccamera.com/bc/item/6429747/
https://image.biccamera.com/img/00000007633078_A01.jpg?sr.dw=320&sr.jqh=60&sr.dh=320&sr.mat=1,ビックカメラ限定セット MacBook Air 13インチRetinaディスプレイ＋AppleCare [2019年 /SSD 128GB/メモ...,157950,https://www.biccamera.com/bc/item/7633078/
https://image.biccamera.com/img/00000006429745_A01.jpg?sr.dw=320&sr.jqh=60&sr.dh=320&sr.mat=1,アップル　Apple MacBook Air 13インチRetinaディスプレイ カスタマイズモデル[2018年 /SSD 128...,120800,https://www.biccamera.com/bc/item/6429745/
https://image.biccamera.com/img/00000006429748_A01.jpg?sr.dw=320&sr.jqh=60&sr.dh=320&sr.mat=1,アップル　Apple MacBook Air 13インチRetinaディスプレイ カスタマイズモデル[2018年 /SSD 128...,120800,https://www.biccamera.com/bc/item/6429748/
https://image.biccamera.com/img/00000006185326_A01.jpg?sr.dw=320&sr.jqh=60&sr.dh=320&sr.mat=1,アップル　Apple MacBook Air 13インチRetinaディスプレイ USキーボード [2018年 /SSD 256GB /...,172469,https://www.biccamera.com/bc/item/6185326/
https://image.biccamera.com/img/00000006985360_A01.jpg?sr.dw=320&sr.jqh=60&sr.dh=320&sr.mat=1,アップル　Apple MacBook Air 13インチRetinaディスプレイ USキーボード カスタマイズモデル [2...,104800,https://www.biccamera.com/bc/item/6985360/
https://image.biccamera.com/img/00000006185325_A01.jpg?sr.dw=320&sr.jqh=60&sr.dh=320&sr.mat=1,アップル　Apple MacBook Air 13インチRetinaディスプレイ USキーボード [2018年 /SSD 256GB /...,172469,https://www.biccamera.com/bc/item/6185325/
https://image.biccamera.com/img/00000006185321_A01.jpg?sr.dw=320&sr.jqh=60&sr.dh=320&sr.mat=1,アップル　Apple MacBook Air 13インチRetinaディスプレイ [2018年 /SSD 256GB /メモリ 16GB /1...,196669,https://www.biccamera.com/bc/item/6185321/
https://image.biccamera.com/img/00000006429751_A01.jpg?sr.dw=320&sr.jqh=60&sr.dh=320&sr.mat=1,アップル　Apple MacBook Air 13インチRetinaディスプレイ カスタマイズモデル[2018年 /SSD 128...,120800,https://www.biccamera.com/bc/item/6429751/
https://image.biccamera.com/img/00000006185324_A01.jpg?sr.dw=320&sr.jqh=60&sr.dh=320&sr.mat=1,アップル　Apple MacBook Air 13インチRetinaディスプレイ USキーボード [2018年 /SSD 256GB /...,172469,https://www.biccamera.com/bc/item/6185324/
https://image.biccamera.com/img/00000007505222_A01.jpg?sr.dw=320&sr.jqh=60&sr.dh=320&sr.mat=1,アップル　Apple MacBookPro 15インチ Touch Bar搭載 カスタマイズモデル[2018年/SSD 1TB/メモ...,179800,https://www.biccamera.com/bc/item/7505222/
https://image.biccamera.com/img/00000005432337_A01.jpg?sr.dw=320&sr.jqh=60&sr.dh=320&sr.mat=1,アップル　Apple MacBookPro 15インチ Touch Bar搭載モデル[2018年/SSD 256GB/メモリ 16GB/2.2G...,188000,https://www.biccamera.com/bc/item/5432337/
https://image.biccamera.com/img/00000006787529_A01.jpg?sr.dw=320&sr.jqh=60&sr.dh=320&sr.mat=1,アップル　Apple MacBookPro 13インチ Touch Bar搭載モデル[2019年/SSD 256GB/メモリ 8GB/2.4GH...,184580,https://www.biccamera.com/bc/item/6787529/
https://image.biccamera.com/img/00000006790904_A01.jpg?sr.dw=320&sr.jqh=60&sr.dh=320&sr.mat=1,アップル　Apple MacBookPro 13インチ Touch Bar搭載・USキーボードモデル[2019年/SSD 256GB/メ...,179800,https://www.biccamera.com/bc/item/6790904/
https://image.biccamera.com/img/00000006948235_A01.jpg?sr.dw=320&sr.jqh=60&sr.dh=320&sr.mat=1,アップル　Apple MacBookPro 13インチ Touch Bar搭載モデル[2019年/SSD 128GB/メモリ 8GB/1.4GH...,130680,https://www.biccamera.com/bc/item/6948235/
https://image.biccamera.com/img/00000006948233_A01.jpg?sr.dw=320&sr.jqh=60&sr.dh=320&sr.mat=1,アップル　Apple MacBookPro 13インチ Touch Bar搭載モデル[2019年/SSD 128GB/メモリ 8GB/1.4GH...,130680,https://www.biccamera.com/bc/item/6948233/
https://image.biccamera.com/img/00000006948236_A01.jpg?sr.dw=320&sr.jqh=60&sr.dh=320&sr.mat=1,アップル　Apple MacBookPro 13インチ Touch Bar搭載モデル[2019年/SSD 256GB/メモリ 8GB/1.4GH...,141680,https://www.biccamera.com/bc/item/6948236/
https://image.biccamera.com/img/00000006787533_A01.jpg?sr.dw=320&sr.jqh=60&sr.dh=320&sr.mat=1,アップル　Apple MacBookPro 15インチ Touch Bar搭載モデル[2019年/SSD 256GB/メモリ 16GB/2.6G...,159800,https://www.biccamera.com/bc/item/6787533/
https://image.biccamera.com/img/00000005797285_A01.jpg?sr.dw=320&sr.jqh=60&sr.dh=320&sr.mat=1,アップル　Apple MacBookPro 13インチ Touch Bar搭載モデル[2017年/1TB flash storage/CPU 3.5G...,179800,https://www.biccamera.com/bc/item/5797285/
https://image.biccamera.com/img/00000003668941_A01.jpg?sr.dw=320&sr.jqh=60&sr.dh=320&sr.mat=1,アップル　Apple MacBookPro 13インチモデル[2017年/SSD 128GB/メモリ 8GB/2.3GHzデュアルコア ...,119800,https://www.biccamera.com/bc/item/3668941/
https://image.biccamera.com/img/00000005432338_A01.jpg?sr.dw=320&sr.jqh=60&sr.dh=320&sr.mat=1,アップル　Apple MacBookPro 15インチ Touch Bar搭載モデル[2018年/SSD 512GB/メモリ 16GB/2.6G...,209800,https://www.biccamera.com/bc/item/5432338/
https://image.biccamera.com/img/00000006948234_A01.jpg?sr.dw=320&sr.jqh=60&sr.dh=320&sr.mat=1,アップル　Apple MacBookPro 13インチ Touch Bar搭載モデル[2019年/SSD 256GB/メモリ 8GB/1.4GH...,141680,https://www.biccamera.com/bc/item/6948234/
https://image.biccamera.com/img/00000003668943_A01.jpg?sr.dw=320&sr.jqh=60&sr.dh=320&sr.mat=1,アップル　Apple MacBookPro 13インチモデル[2017年/SSD 256GB/メモリ 8GB/2.3GHzデュアルコア ...,119800,https://www.biccamera.com/bc/item/3668943/
https://image.biccamera.com/img/00000006790903_A01.jpg?sr.dw=320&sr.jqh=60&sr.dh=320&sr.mat=1,アップル　Apple MacBookPro 15インチ Touch Bar搭載・USキーボードモデル[2019年/SSD 256GB/メ...,179800,https://www.biccamera.com/bc/item/6790903/
https://image.biccamera.com/img/00000005432335_A01.jpg?sr.dw=320&sr.jqh=60&sr.dh=320&sr.mat=1,アップル　Apple MacBookPro 15インチ Touch Bar搭載モデル[2018年/SSD 256GB/メモリ 16GB/2.2G...,189800,https://www.biccamera.com/bc/item/5432335/
https://image.biccamera.com/img/00000006787530_A01.jpg?sr.dw=320&sr.jqh=60&sr.dh=320&sr.mat=1,アップル　Apple MacBookPro 15インチ Touch Bar搭載モデル[2019年/SSD 256GB/メモリ 16GB/2.6G...,159800,https://www.biccamera.com/bc/item/6787530/
https://image.biccamera.com/img/00000006787532_A01.jpg?sr.dw=320&sr.jqh=60&sr.dh=320&sr.mat=1,アップル　Apple MacBookPro 15インチ Touch Bar搭載モデル[2019年/SSD 512GB/メモリ 16GB/2.3G...,249800,https://www.biccamera.com/bc/item/6787532/
https://image.biccamera.com/img/00000003536546_A01.jpg?sr.dw=320&sr.jqh=60&sr.dh=320&sr.mat=1,アップル　Apple MacBookPro 13インチモデル[2016年/SSD 256GB/メモリ 8GB/2.0GHzデュアルコア ...,91800,https://www.biccamera.com/bc/item/3536546/
https://image.biccamera.com/img/00000003668942_A01.jpg?sr.dw=320&sr.jqh=60&sr.dh=320&sr.mat=1,アップル　Apple MacBookPro 13インチモデル[2017年/SSD 128GB/メモリ 8GB/2.3GHzデュアルコア ...,119800,https://www.biccamera.com/bc/item/3668942/
https://image.biccamera.com/img/00000006787536_A01.jpg?sr.dw=320&sr.jqh=60&sr.dh=320&sr.mat=1,アップル　Apple MacBookPro 13インチ Touch Bar搭載モデル[2019年/SSD 512GB/メモリ 8GB/2.4GH...,195580,https://www.biccamera.com/bc/item/6787536/
https://image.biccamera.com/img/00000003117193_A01.jpg?sr.dw=320&sr.jqh=60&sr.dh=320&sr.mat=1,アップル　Apple MacBookPro 15インチモデル[Mid 2015/SSD 256GB/メモリ 16GB/2.2GHzクアッドコ...,158800,https://www.biccamera.com/bc/item/3117193/
https://image.biccamera.com/img/00000007505232_A01.jpg?sr.dw=320&sr.jqh=60&sr.dh=320&sr.mat=1,アップル　Apple MacBookPro 15インチ Touch Bar搭載 カスタマイズモデル[2018年/SSD 1TB/メモ...,249800,https://www.biccamera.com/bc/item/7505232/
https://image.biccamera.com/img/00000005797284_A01.jpg?sr.dw=320&sr.jqh=60&sr.dh=320&sr.mat=1,アップル　Apple MacBookPro 13インチ Touch Bar搭載モデル[2017年/1TB flash storage/CPU 3.5G...,179800,https://www.biccamera.com/bc/item/5797284/
https://image.biccamera.com/img/00000004291337_A01.jpg?sr.dw=320&sr.jqh=60&sr.dh=320&sr.mat=1,アップル　Apple MacBookPro 13インチ Touch Bar搭載 USキーボードモデル[2016年/SSD 256GB/メ...,109780,https://www.biccamera.com/bc/item/4291337/
https://image.biccamera.com/img/00000003536548_A01.jpg?sr.dw=320&sr.jqh=60&sr.dh=320&sr.mat=1,アップル　Apple MacBookPro 15インチ Touch Bar搭載モデル[2016年/SSD 512GB/メモリ 16GB/2.7G...,169800,https://www.biccamera.com/bc/item/3536548/
https://image.biccamera.com/img/00000007505233_A01.jpg?sr.dw=320&sr.jqh=60&sr.dh=320&sr.mat=1,アップル　Apple MacBookPro 15インチ Touch Bar搭載 USキーボード カスタマイズモデル[2018年/...,249800,https://www.biccamera.com/bc/item/7505233/
https://image.biccamera.com/img/00000006790906_A01.jpg?sr.dw=320&sr.jqh=60&sr.dh=320&sr.mat=1,アップル　Apple MacBookPro 13インチ Touch Bar搭載・USキーボードモデル[2019年/SSD 512GB/メ...,179800,https://www.biccamera.com/bc/item/6790906/
https://image.biccamera.com/img/00000006787535_A01.jpg?sr.dw=320&sr.jqh=60&sr.dh=320&sr.mat=1,アップル　Apple MacBookPro 15インチ Touch Bar搭載モデル[2019年/SSD 512GB/メモリ 16GB/2.3G...,199800,https://www.biccamera.com/bc/item/6787535/
https://image.biccamera.com/img/00000007505225_A01.jpg?sr.dw=320&sr.jqh=60&sr.dh=320&sr.mat=1,アップル　Apple MacBookPro 15インチ Touch Bar搭載 USキーボード カスタマイズモデル[2018年/...,209800,https://www.biccamera.com/bc/item/7505225/
https://image.biccamera.com/img/00000003536551_A01.jpg?sr.dw=320&sr.jqh=60&sr.dh=320&sr.mat=1,アップル　Apple MacBookPro 13インチ Touch Bar搭載モデル[2016年/SSD 256GB/メモリ 8GB/2.9GH...,186780,https://www.biccamera.com/bc/item/3536551/
https://image.biccamera.com/img/00000006787534_A01.jpg?sr.dw=320&sr.jqh=60&sr.dh=320&sr.mat=1,アップル　Apple MacBookPro 13インチ Touch Bar搭載モデル[2019年/SSD 256GB/メモリ 8GB/2.4GH...,184580,https://www.biccamera.com/bc/item/6787534/
https://image.biccamera.com/img/00000007505223_A01.jpg?sr.dw=320&sr.jqh=60&sr.dh=320&sr.mat=1,アップル　Apple MacBookPro 15インチ Touch Bar搭載 USキーボード カスタマイズモデル[2018年/...,239800,https://www.biccamera.com/bc/item/7505223/
https://image.biccamera.com/img/00000003793890_A01.jpg?sr.dw=320&sr.jqh=60&sr.dh=320&sr.mat=1,アップル　Apple MacBookPro 13インチ Touch Bar搭載 カスタマイズモデル[2016年/SSD 512GB/メ...,273680,https://www.biccamera.com/bc/item/3793890/
https://image.biccamera.com/img/00000003668938_A01.jpg?sr.dw=320&sr.jqh=60&sr.dh=320&sr.mat=1,アップル　Apple MacBookPro 15インチ Touch Bar搭載モデル[2017年/SSD 512GB/メモリ 16GB/2.9G...,252780,https://www.biccamera.com/bc/item/3668938/
https://image.biccamera.com/img/00000003786864_A01.jpg?sr.dw=320&sr.jqh=60&sr.dh=320&sr.mat=1,アップル　Apple MacBookPro 15インチ Touch Bar搭載 USキーボードモデル[2016年/SSD 256GB/メ...,159800,https://www.biccamera.com/bc/item/3786864/
https://image.biccamera.com/img/00000005432341_A01.jpg?sr.dw=320&sr.jqh=60&sr.dh=320&sr.mat=1,アップル　Apple MacBookPro 13インチ Touch Bar搭載モデル[2018年/SSD 256GB/メモリ 8GB/2.3GH...,139880,https://www.biccamera.com/bc/item/5432341/
https://image.biccamera.com/img/00000007505224_A01.jpg?sr.dw=320&sr.jqh=60&sr.dh=320&sr.mat=1,アップル　Apple MacBookPro 15インチ Touch Bar搭載 USキーボード カスタマイズモデル[2018年/...,188000,https://www.biccamera.com/bc/item/7505224/
https://image.biccamera.com/img/00000003786869_A01.jpg?sr.dw=320&sr.jqh=60&sr.dh=320&sr.mat=1,アップル　Apple MacBookPro 15インチ Touch Bar搭載 USキーボード カスタマイズモデル[2016年/...,199800,https://www.biccamera.com/bc/item/3786869/
https://image.biccamera.com/img/00000003786870_A01.jpg?sr.dw=320&sr.jqh=60&sr.dh=320&sr.mat=1,アップル　Apple MacBookPro 15インチ Touch Bar搭載 USキーボード カスタマイズモデル[2016年/...,199800,https://www.biccamera.com/bc/item/3786870/
https://image.biccamera.com/img/00000003668946_A01.jpg?sr.dw=320&sr.jqh=60&sr.dh=320&sr.mat=1,アップル　Apple MacBookPro 13インチ Touch Bar搭載モデル[2017年/SSD 512GB/メモリ 8GB/3.1GH...,149800,https://www.biccamera.com/bc/item/3668946/
https://image.biccamera.com/img/00000003668939_A01.jpg?sr.dw=320&sr.jqh=60&sr.dh=320&sr.mat=1,アップル　Apple MacBookPro 15インチ Touch Bar搭載モデル[2017年/SSD 256GB/メモリ 16GB/2.8G...,179800,https://www.biccamera.com/bc/item/3668939/
https://image.biccamera.com/img/00000006790899_A01.jpg?sr.dw=320&sr.jqh=60&sr.dh=320&sr.mat=1,アップル　Apple MacBookPro 13インチ Touch Bar搭載・USキーボードモデル[2019年/SSD 256GB/メ...,218669,https://www.biccamera.com/bc/item/6790899/
https://image.biccamera.com/img/00000003793888_A01.jpg?sr.dw=320&sr.jqh=60&sr.dh=320&sr.mat=1,アップル　Apple MacBookPro 15インチ Touch Bar搭載 カスタマイズモデル[2016年/SSD 1TB/メモ...,381480,https://www.biccamera.com/bc/item/3793888/
https://image.biccamera.com/img/00000005797271_A01.jpg?sr.dw=320&sr.jqh=60&sr.dh=320&sr.mat=1,アップル　Apple MacBookPro 15インチ Touch Bar搭載モデル[2017年/1TB flash storage/メモリ 1...,199800,https://www.biccamera.com/bc/item/5797271/
https://image.biccamera.com/img/00000003668945_A01.jpg?sr.dw=320&sr.jqh=60&sr.dh=320&sr.mat=1,アップル　Apple MacBookPro 13インチ Touch Bar搭載モデル[2017年/SSD 256GB/メモリ 8GB/3.1GH...,138000,https://www.biccamera.com/bc/item/3668945/
https://image.biccamera.com/img/00000003058269_A01.jpg?sr.dw=320&sr.jqh=60&sr.dh=320&sr.mat=1,アップル　Apple MacBookPro 13インチモデル[Early 2015/SSD 128GB/メモリ 8GB/2.7GHzデュアル...,141669,https://www.biccamera.com/bc/item/3058269/
https://image.biccamera.com/img/00000003668948_A01.jpg?sr.dw=320&sr.jqh=60&sr.dh=320&sr.mat=1,アップル　Apple MacBookPro 13インチ Touch Bar搭載モデル[2017年/SSD 512GB/メモリ 8GB/3.1GH...,149800,https://www.biccamera.com/bc/item/3668948/
https://image.biccamera.com/img/00000003786867_A01.jpg?sr.dw=320&sr.jqh=60&sr.dh=320&sr.mat=1,アップル　Apple MacBookPro 13インチ Touch Bar搭載 USキーボード カスタマイズモデル[2016年/...,273680,https://www.biccamera.com/bc/item/3786867/
../images/parts/img_noimage.jpg?sr.dw=320&sr.jqh=60&sr.dh=320&sr.mat=1,アップル　Apple MacBookPro 15インチ MR942JA/A,199800,https://www.biccamera.com/bc/item/7505221/
https://image.biccamera.com/img/00000003786865_A01.jpg?sr.dw=320&sr.jqh=60&sr.dh=320&sr.mat=1,アップル　Apple MacBookPro 15インチ Touch Bar搭載 USキーボードモデル[2016年/SSD 512GB/メ...,306669,https://www.biccamera.com/bc/item/3786865/
https://image.biccamera.com/img/00000006790900_A01.jpg?sr.dw=320&sr.jqh=60&sr.dh=320&sr.mat=1,アップル　Apple MacBookPro 15インチ Touch Bar搭載・USキーボードモデル[2019年/SSD 256GB/メ...,256800,https://www.biccamera.com/bc/item/6790900/
https://image.biccamera.com/img/00000003786866_A01.jpg?sr.dw=320&sr.jqh=60&sr.dh=320&sr.mat=1,アップル　Apple MacBookPro 15インチ Touch Bar搭載 USキーボードモデル[2016年/SSD 256GB/メ...,208780,https://www.biccamera.com/bc/item/3786866/
https://image.biccamera.com/img/00000005797277_A01.jpg?sr.dw=320&sr.jqh=60&sr.dh=320&sr.mat=1,アップル　Apple MacBookPro 15インチ Touch Bar搭載モデル[2017年/1TB flash storage/メモリ 1...,199800,https://www.biccamera.com/bc/item/5797277/
https://image.biccamera.com/img/00000003668940_A01.jpg?sr.dw=320&sr.jqh=60&sr.dh=320&sr.mat=1,アップル　Apple MacBookPro 15インチ Touch Bar搭載モデル[2017年/SSD 512GB/メモリ 16GB/2.9G...,197800,https://www.biccamera.com/bc/item/3668940/
https://image.biccamera.com/img/00000003793889_A01.jpg?sr.dw=320&sr.jqh=60&sr.dh=320&sr.mat=1,アップル　Apple MacBookPro 13インチ Touch Bar搭載 カスタマイズモデル[2016年/SSD 512GB/メ...,273680,https://www.biccamera.com/bc/item/3793889/
https://image.biccamera.com/img/00000003536545_A01.jpg?sr.dw=320&sr.jqh=60&sr.dh=320&sr.mat=1,アップル　Apple MacBookPro 13インチモデル[2016年/SSD 256GB/メモリ 8GB/2.0GHzデュアルコア ...,153780,https://www.biccamera.com/bc/item/3536545/
https://image.biccamera.com/img/00000007505230_A01.jpg?sr.dw=320&sr.jqh=60&sr.dh=320&sr.mat=1,アップル　Apple MacBookPro 13インチ Touch Bar搭載 USキーボード カスタマイズモデル[2018年/...,139800,https://www.biccamera.com/bc/item/7505230/
https://image.biccamera.com/img/00000003668937_A01.jpg?sr.dw=320&sr.jqh=60&sr.dh=320&sr.mat=1,アップル　Apple MacBookPro 15インチ Touch Bar搭載モデル[2017年/SSD 256GB/メモリ 16GB/2.8G...,190800,https://www.biccamera.com/bc/item/3668937/
https://image.biccamera.com/img/00000003536557_A01.jpg?sr.dw=320&sr.jqh=60&sr.dh=320&sr.mat=1,アップル　Apple MacBookPro 15インチ Touch Bar搭載モデル[2016年/SSD 512GB/メモリ 16GB/2.7G...,175780,https://www.biccamera.com/bc/item/3536557/
https://image.biccamera.com/img/00000003536549_A01.jpg?sr.dw=320&sr.jqh=60&sr.dh=320&sr.mat=1,アップル　Apple MacBookPro 15インチ Touch Bar搭載モデル[2016年/SSD 256GB/メモリ 16GB/2.6G...,226380,https://www.biccamera.com/bc/item/3536549/
https://image.biccamera.com/img/00000003536552_A01.jpg?sr.dw=320&sr.jqh=60&sr.dh=320&sr.mat=1,アップル　Apple MacBookPro 13インチ Touch Bar搭載モデル[2016年/SSD 256GB/メモリ 8GB/2.9GH...,186780,https://www.biccamera.com/bc/item/3536552/
https://image.biccamera.com/img/00000004555794_A01.jpg?sr.dw=320&sr.jqh=60&sr.dh=320&sr.mat=1,アップル　Apple MacBookPro 15インチ Retina Displayモデル [Core i7(2.7GHz)/16GB/SSD:512GB/...,306669,https://www.biccamera.com/bc/item/4555794/
https://image.biccamera.com/img/00000005797276_A01.jpg?sr.dw=320&sr.jqh=60&sr.dh=320&sr.mat=1,アップル　Apple MacBookPro 15インチ Touch Bar搭載モデル[2017年/1TB flash storage/メモリ 1...,199800,https://www.biccamera.com/bc/item/5797276/
https://image.biccamera.com/img/00000005432342_A01.jpg?sr.dw=320&sr.jqh=60&sr.dh=320&sr.mat=1,アップル　Apple MacBookPro 13インチ Touch Bar搭載モデル[2018年/SSD 512GB/メモリ 8GB/2.3GH...,154800,https://www.biccamera.com/bc/item/5432342/
https://image.biccamera.com/img/00000003752850_A01.jpg?sr.dw=320&sr.jqh=60&sr.dh=320&sr.mat=1,アップル　Apple MacBookPro 13インチ USキーボードモデル[Early 2015/SSD 128GB/メモリ 8GB/2....,141669,https://www.biccamera.com/bc/item/3752850/
https://image.biccamera.com/img/00000005797278_A01.jpg?sr.dw=320&sr.jqh=60&sr.dh=320&sr.mat=1,アップル　Apple MacBookPro 13インチ Touch Bar搭載モデル USキーボードモデル[2017年/SSD 256...,116800,https://www.biccamera.com/bc/item/5797278/
https://image.biccamera.com/img/00000003536555_A01.jpg?sr.dw=320&sr.jqh=60&sr.dh=320&sr.mat=1,アップル　Apple MacBookPro 13インチ Touch Bar搭載モデル[2016年/SSD 512GB/メモリ 8GB/2.9GH...,164800,https://www.biccamera.com/bc/item/3536555/
https://image.biccamera.com/img/00000003808541_A01.jpg?sr.dw=320&sr.jqh=60&sr.dh=320&sr.mat=1,アップル　Apple MacBookPro 13インチ Touch Bar搭載 USキーボード カスタマイズモデル[2016年/...,273680,https://www.biccamera.com/bc/item/3808541/
https://image.biccamera.com/img/00000003536547_A01.jpg?sr.dw=320&sr.jqh=60&sr.dh=320&sr.mat=1,アップル　Apple MacBookPro 15インチ Touch Bar搭載モデル[2016年/SSD 256GB/メモリ 16GB/2.6G...,262680,https://www.biccamera.com/bc/item/3536547/
https://image.biccamera.com/img/00000007505231_A01.jpg?sr.dw=320&sr.jqh=60&sr.dh=320&sr.mat=1,アップル　Apple MacBookPro 13インチ Touch Bar搭載 USキーボード カスタマイズモデル[2018年/...,154800,https://www.biccamera.com/bc/item/7505231/
https://image.biccamera.com/img/00000006790905_A01.jpg?sr.dw=320&sr.jqh=60&sr.dh=320&sr.mat=1,アップル　Apple MacBookPro 15インチ Touch Bar搭載・USキーボードモデル[2019年/SSD 512GB/メ...,299800,https://www.biccamera.com/bc/item/6790905/
https://image.biccamera.com/img/00000003786871_A01.jpg?sr.dw=320&sr.jqh=60&sr.dh=320&sr.mat=1,アップル　Apple MacBookPro 13インチ Touch Bar搭載 USキーボードモデル[2016年/SSD 256GB/メ...,196669,https://www.biccamera.com/bc/item/3786871/
https://image.biccamera.com/img/00000003536556_A01.jpg?sr.dw=320&sr.jqh=60&sr.dh=320&sr.mat=1,アップル　Apple MacBookPro 13インチ Touch Bar搭載モデル[2016年/SSD 512GB/メモリ 8GB/2.9GH...,218669,https://www.biccamera.com/bc/item/3536556/
https://image.biccamera.com/img/00000003786868_A01.jpg?sr.dw=320&sr.jqh=60&sr.dh=320&sr.mat=1,アップル　Apple MacBookPro 13インチ Touch Bar搭載 USキーボードモデル[2016年/SSD 512GB/メ...,218669,https://www.biccamera.com/bc/item/3786868/
https://image.biccamera.com/img/00000005797270_A01.jpg?sr.dw=320&sr.jqh=60&sr.dh=320&sr.mat=1,アップル　Apple MacBookPro 15インチ Touch Bar搭載モデル[2017年/1TB flash storage/メモリ 1...,199800,https://www.biccamera.com/bc/item/5797270/
https://image.biccamera.com/img/00000005797281_A01.jpg?sr.dw=320&sr.jqh=60&sr.dh=320&sr.mat=1,アップル　Apple MacBookPro 13インチ Touch Bar / USキーボード搭載モデル[2017年/SSD 512GB/...,139800,https://www.biccamera.com/bc/item/5797281/
https://image.biccamera.com/img/00000005797282_A01.jpg?sr.dw=320&sr.jqh=60&sr.dh=320&sr.mat=1,アップル　Apple MacBookPro 13インチ Touch Bar搭載モデル[2017年/1TB flash storage/CPU 3.5G...,179800,https://www.biccamera.com/bc/item/5797282/
https://image.biccamera.com/img/00000005797283_A01.jpg?sr.dw=320&sr.jqh=60&sr.dh=320&sr.mat=1,アップル　Apple MacBookPro 13インチ Touch Bar搭載モデル[2017年/1TB flash storage/CPU 3.5G...,179800,https://www.biccamera.com/bc/item/5797283/
https://image.biccamera.com/img/00000003786863_A01.jpg?sr.dw=320&sr.jqh=60&sr.dh=320&sr.mat=1,アップル　Apple MacBookPro 13インチ USキーボードモデル[2016年/SSD 256GB/メモリ 8GB/2.0GHz...,163669,https://www.biccamera.com/bc/item/3786863/
https://image.biccamera.com/img/00000005797275_A01.jpg?sr.dw=320&sr.jqh=60&sr.dh=320&sr.mat=1,アップル　Apple MacBookPro 15インチ Touch Bar搭載モデル USキーボードモデル[2017年/SSD 512...,197800,https://www.biccamera.com/bc/item/5797275/
https://image.biccamera.com/img/00000004291338_A01.jpg?sr.dw=320&sr.jqh=60&sr.dh=320&sr.mat=1,アップル　Apple MacBookPro 15インチ Touch Bar搭載 カスタマイズモデル[2016年/SSD 1TB/メモ...,381480,https://www.biccamera.com/bc/item/4291338/
https://image.biccamera.com/img/00000005797274_A01.jpg?sr.dw=320&sr.jqh=60&sr.dh=320&sr.mat=1,アップル　Apple MacBookPro 15インチ Touch Bar搭載モデル USキーボードモデル[2017年/SSD 256...,208000,https://www.biccamera.com/bc/item/5797274/
https://image.biccamera.com/img/00000004291336_A01.jpg?sr.dw=320&sr.jqh=60&sr.dh=320&sr.mat=1,アップル　Apple MacBookPro 13インチ USキーボードモデル[2016年/SSD 256GB/メモリ 8GB/2.0GHz...,163669,https://www.biccamera.com/bc/item/4291336/
https://image.biccamera.com/img/00000005797273_A01.jpg?sr.dw=320&sr.jqh=60&sr.dh=320&sr.mat=1,アップル　Apple MacBookPro 15インチ Touch Bar搭載モデル・USキーボードモデル[2017年/SSD 51...,333080,https://www.biccamera.com/bc/item/5797273/
https://image.biccamera.com/img/00000004291182_A01.jpg?sr.dw=320&sr.jqh=60&sr.dh=320&sr.mat=1,アップル　Apple MacBookPro 13インチ Touch Bar搭載 USキーボードモデル[2016年/SSD 512GB/メ...,218669,https://www.biccamera.com/bc/item/4291182/
