https://img1.kakaku.k-img.com/images/productimage/ll/K0001243659.jpg,Apple MacBook Air Retinaディスプレイ 1100/13.3 MWTJ2J/A [スペースグレイ],107980,https://kakaku.com/item/K0001243659/
https://img1.kakaku.k-img.com/images/productimage/ll/K0001255393.jpg,Apple MacBook Pro Retinaディスプレイ 1400/13.3 MXK32J/A [スペースグレイ],139149,https://kakaku.com/item/K0001255393/
https://img1.kakaku.k-img.com/images/productimage/ll/K0001255389.jpg,Apple MacBook Pro Retinaディスプレイ 2000/13.3 MWP42J/A [スペースグレイ],190565,https://kakaku.com/item/K0001255389/
https://img1.kakaku.k-img.com/images/productimage/ll/K0001243656.jpg,Apple MacBook Air Retinaディスプレイ 1100/13.3 MVH22J/A [スペースグレイ],129800,https://kakaku.com/item/K0001243656/
https://img1.kakaku.k-img.com/images/productimage/ll/K0001210840.jpg,Apple MacBook Pro Retinaディスプレイ 2300/16 MVVK2J/A [スペースグレイ],272651,https://kakaku.com/item/K0001210840/
https://img1.kakaku.k-img.com/images/productimage/ll/K0001255391.jpg,Apple MacBook Pro Retinaディスプレイ 2000/13.3 MWP52J/A [スペースグレイ],202998,https://kakaku.com/item/K0001255391/
https://img1.kakaku.k-img.com/images/productimage/ll/K0001243661.jpg,Apple MacBook Air Retinaディスプレイ 1100/13.3 MWTL2J/A [ゴールド],114390,https://kakaku.com/item/K0001243661/
https://img1.kakaku.k-img.com/images/productimage/ll/K0001210838.jpg,Apple MacBook Pro Retinaディスプレイ 2600/16 MVVJ2J/A [スペースグレイ],243210,https://kakaku.com/item/K0001210838/
https://img1.kakaku.k-img.com/images/productimage/ll/K0001243660.jpg,Apple MacBook Air Retinaディスプレイ 1100/13.3 MWTK2J/A [シルバー],108871,https://kakaku.com/item/K0001243660/
https://img1.kakaku.k-img.com/images/productimage/ll/K0001173302.jpg,Apple MacBook Pro Retinaディスプレイ 1400/13.3 MUHN2J/A [スペースグレイ],137000,https://kakaku.com/item/K0001173302/
https://img1.kakaku.k-img.com/images/productimage/ll/K0001243657.jpg,Apple MacBook Air Retinaディスプレイ 1100/13.3 MVH42J/A [シルバー],130662,https://kakaku.com/item/K0001243657/
https://img1.kakaku.k-img.com/images/productimage/ll/K0001255390.jpg,Apple MacBook Pro Retinaディスプレイ 2000/13.3 MWP72J/A [シルバー],187087,https://kakaku.com/item/K0001255390/
https://img1.kakaku.k-img.com/images/productimage/ll/K0001210839.jpg,Apple MacBook Pro Retinaディスプレイ 2600/16 MVVL2J/A [シルバー],235000,https://kakaku.com/item/K0001210839/
https://img1.kakaku.k-img.com/images/productimage/ll/K0001255394.jpg,Apple MacBook Pro Retinaディスプレイ 1400/13.3 MXK62J/A [シルバー],134766,https://kakaku.com/item/K0001255394/
https://img1.kakaku.k-img.com/images/productimage/ll/K0001103124.jpg,Apple MacBook Retinaディスプレイ 1200/12 MRQN2J/A [ゴールド],115771,https://kakaku.com/item/K0001103124/
https://img1.kakaku.k-img.com/images/productimage/ll/K0001255395.jpg,Apple MacBook Pro Retinaディスプレイ 1400/13.3 MXK52J/A [スペースグレイ],150611,https://kakaku.com/item/K0001255395/
https://img1.kakaku.k-img.com/images/productimage/ll/K0001243658.jpg,Apple MacBook Air Retinaディスプレイ 1100/13.3 MVH52J/A [ゴールド],133570,https://kakaku.com/item/K0001243658/
https://img1.kakaku.k-img.com/images/productimage/ll/K0001255392.jpg,Apple MacBook Pro Retinaディスプレイ 2000/13.3 MWP82J/A [シルバー],201667,https://kakaku.com/item/K0001255392/
https://img1.kakaku.k-img.com/images/productimage/ll/K0001173304.jpg,Apple MacBook Pro Retinaディスプレイ 1400/13.3 MUHP2J/A [スペースグレイ],133800,https://kakaku.com/item/K0001173304/
https://img1.kakaku.k-img.com/images/productimage/ll/K0001071796.jpg,Apple MacBook Pro Retinaディスプレイ 2600/15.4 MR942J/A [スペースグレイ],199800,https://kakaku.com/item/K0001071796/
https://img1.kakaku.k-img.com/images/productimage/ll/K0001158510.jpg,Apple MacBook Pro Retinaディスプレイ 2600/15.4 MV922J/A [シルバー],189900,https://kakaku.com/item/K0001158510/
https://img1.kakaku.k-img.com/images/productimage/ll/K0001173305.jpg,Apple MacBook Pro Retinaディスプレイ 1400/13.3 MUHR2J/A [シルバー],130821,https://kakaku.com/item/K0001173305/
https://img1.kakaku.k-img.com/images/productimage/ll/K0001210841.jpg,Apple MacBook Pro Retinaディスプレイ 2300/16 MVVM2J/A [シルバー],278981,https://kakaku.com/item/K0001210841/
https://img1.kakaku.k-img.com/images/productimage/ll/K0000971662.jpg,Apple MacBook Retinaディスプレイ 1300/12 MNYG2J/A [スペースグレイ],132399,https://kakaku.com/item/K0000971662/
https://img1.kakaku.k-img.com/images/productimage/ll/K0001158507.jpg,Apple MacBook Pro Retinaディスプレイ 2400/13.3 MV962J/A [スペースグレイ],149979,https://kakaku.com/item/K0001158507/
https://img1.kakaku.k-img.com/images/productimage/ll/K0001255396.jpg,Apple MacBook Pro Retinaディスプレイ 1400/13.3 MXK72J/A [シルバー],153998,https://kakaku.com/item/K0001255396/
https://img1.kakaku.k-img.com/images/productimage/ll/K0000971658.jpg,Apple MacBook Retinaディスプレイ 1200/12 MNYF2J/A [スペースグレイ],115952,https://kakaku.com/item/K0000971658/
https://img1.kakaku.k-img.com/images/productimage/ll/K0001103125.jpg,Apple MacBook Retinaディスプレイ 1300/12 MRQP2J/A [ゴールド],136400,https://kakaku.com/item/K0001103125/
https://img1.kakaku.k-img.com/images/productimage/ll/K0001158503.jpg,Apple MacBook Pro Retinaディスプレイ 2400/13.3 MV972J/A [スペースグレイ],174888,https://kakaku.com/item/K0001158503/
https://img1.kakaku.k-img.com/images/productimage/ll/K0001158508.jpg,Apple MacBook Pro Retinaディスプレイ 2400/13.3 MV992J/A [シルバー],189590,https://kakaku.com/item/K0001158508/
https://img1.kakaku.k-img.com/images/productimage/ll/K0001071795.jpg,Apple MacBook Pro Retinaディスプレイ 2200/15.4 MR962J/A [シルバー],182999,https://kakaku.com/item/K0001071795/
https://www1.pcdepot.co.jp/images/goods/4547597970232/4547597970232_250.jpg,Apple MacBook Retinaディスプレイ 1200/12 MNYK2J/A [ゴールド],119800,https://kakaku.com/item/K0000971659/
https://img1.kakaku.k-img.com/images/productimage/ll/K0001173303.jpg,Apple MacBook Pro Retinaディスプレイ 1400/13.3 MUHQ2J/A [シルバー],137700,https://kakaku.com/item/K0001173303/
https://www.e-zoa-lite.com/images/photo/s/314/ITM0015729314_S.jpg,Apple MacBook Pro Retinaディスプレイ 3100/13.3 MPXX2J/A [シルバー],131894,https://kakaku.com/item/K0000971671/
https://img1.kakaku.k-img.com/images/productimage/ll/K0001158509.jpg,Apple MacBook Pro Retinaディスプレイ 2600/15.4 MV902J/A [スペースグレイ],198000,https://kakaku.com/item/K0001158509/
https://img1.kakaku.k-img.com/images/productimage/ll/K0000919751.jpg,Apple MacBook Pro Retinaディスプレイ 2700/15.4 MLH42J/A [スペースグレイ],191800,https://kakaku.com/item/K0000919751/
https://img1.kakaku.k-img.com/images/productimage/ll/K0001158505.jpg,Apple MacBook Pro Retinaディスプレイ 2300/15.4 MV912J/A [スペースグレイ],248380,https://kakaku.com/item/K0001158505/
https://img1.kakaku.k-img.com/images/productimage/ll/K0001071790.jpg,Apple MacBook Pro Retinaディスプレイ 2300/13.3 MR9Q2J/A [スペースグレイ],167019,https://kakaku.com/item/K0001071790/
https://img1.kakaku.k-img.com/images/productimage/ll/K0001071794.jpg,Apple MacBook Pro Retinaディスプレイ 2200/15.4 MR932J/A [スペースグレイ],196844,https://kakaku.com/item/K0001071794/
https://img1.kakaku.k-img.com/images/productimage/ll/K0000972434.jpg,Apple MacBook Air 1800/13.3 MQD32J/A,116800,https://kakaku.com/item/K0000972434/
https://img1.kakaku.k-img.com/images/productimage/ll/K0001173296.jpg,Apple MacBook Air Retinaディスプレイ 1600/13.3 MVFH2J/A [スペースグレイ],120800,https://kakaku.com/item/K0001173296/
https://img1.kakaku.k-img.com/images/productimage/ll/K0001102076.jpg,Apple MacBook Air Retinaディスプレイ 1600/13.3 MREA2J/A [シルバー],115800,https://kakaku.com/item/K0001102076/
https://img1.kakaku.k-img.com/images/productimage/ll/K0001173299.jpg,Apple MacBook Air Retinaディスプレイ 1600/13.3 MVFJ2J/A [スペースグレイ],132800,https://kakaku.com/item/K0001173299/
https://www.gnet-akiba.co.jp/Image/MPXV2JA.gif,Apple MacBook Pro Retinaディスプレイ 3100/13.3 MPXV2J/A [スペースグレイ],136999,https://kakaku.com/item/K0000971670/
https://img1.kakaku.k-img.com/images/productimage/ll/K0001071791.jpg,Apple MacBook Pro Retinaディスプレイ 2300/13.3 MR9U2J/A [シルバー],153780,https://kakaku.com/item/K0001071791/
https://img1.kakaku.k-img.com/images/productimage/ll/K0001071792.jpg,Apple MacBook Pro Retinaディスプレイ 2300/13.3 MR9R2J/A [スペースグレイ],164780,https://kakaku.com/item/K0001071792/
https://img1.kakaku.k-img.com/images/productimage/ll/K0001173298.jpg,Apple MacBook Air Retinaディスプレイ 1600/13.3 MVFK2J/A [シルバー],122740,https://kakaku.com/item/K0001173298/
https://img1.kakaku.k-img.com/images/productimage/ll/K0001173300.jpg,Apple MacBook Air Retinaディスプレイ 1600/13.3 MVFN2J/A [ゴールド],125141,https://kakaku.com/item/K0001173300/
https://img1.kakaku.k-img.com/images/productimage/ll/K0000752291.jpg,Apple MacBook Pro Retinaディスプレイ 2700/13.3 MF839J/A,129800,https://kakaku.com/item/K0000752291/
https://img1.kakaku.k-img.com/images/productimage/ll/K0001158504.jpg,Apple MacBook Pro Retinaディスプレイ 2400/13.3 MV9A2J/A [シルバー],204800,https://kakaku.com/item/K0001158504/
https://gd.image-qoo10.jp/li/420/342/1741342420.g_0-w_g.jpg,Apple MacBook Retinaディスプレイ 1200/12 MNYM2J/A [ローズゴールド],128800,https://kakaku.com/item/K0000971660/
https://img1.kakaku.k-img.com/images/productimage/ll/K0000752282.jpg,Apple MacBook 1100/12 MK4M2J/A [ゴールド],139000,https://kakaku.com/item/K0000752282/
https://gd.image-qoo10.jp/li/532/084/1797084532.g_0-w_g.jpg,Apple MacBook Pro Retinaディスプレイ 3100/13.3 MPXW2J/A [スペースグレイ],157800,https://kakaku.com/item/K0000971672/
https://img1.kakaku.k-img.com/images/productimage/ll/nowprinting.gif,Apple MacBook Pro Retinaディスプレイ 2800/15.4 MPTR2J/A [スペースグレイ],209500,https://kakaku.com/item/K0000971674/
https://img1.kakaku.k-img.com/images/productimage/ll/K0001071797.jpg,Apple MacBook Pro Retinaディスプレイ 2600/15.4 MR972J/A [シルバー],216000,https://kakaku.com/item/K0001071797/
https://img1.kakaku.k-img.com/images/productimage/ll/K0001158506.jpg,Apple MacBook Pro Retinaディスプレイ 2300/15.4 MV932J/A [シルバー],255800,https://kakaku.com/item/K0001158506/
https://gd.image-qoo10.jp/li/176/410/1744410176.g_0-w_g.jpg,Apple MacBook Pro Retinaディスプレイ 2300/13.3 MPXU2J/A [シルバー],131618,https://kakaku.com/item/K0000971669/
https://img1.kakaku.k-img.com/images/productimage/ll/K0000971665.jpg,Apple MacBook Retinaディスプレイ 1300/12 MNYJ2J/A [シルバー],136800,https://kakaku.com/item/K0000971665/
https://img1.kakaku.k-img.com/images/productimage/ll/K0000752289.jpg,Apple MacBook Air 1600/13.3 MJVE2J/A,117300,https://kakaku.com/item/K0000752289/
https://img1.kakaku.k-img.com/images/productimage/ll/K0001102074.jpg,Apple MacBook Air Retinaディスプレイ 1600/13.3 MRE82J/A [スペースグレイ],119800,https://kakaku.com/item/K0001102074/
https://img1.kakaku.k-img.com/images/productimage/ll/K0000971661.jpg,Apple MacBook Retinaディスプレイ 1200/12 MNYH2J/A [シルバー],129000,https://kakaku.com/item/K0000971661/
https://img1.kakaku.k-img.com/images/productimage/ll/K0000752285.jpg,Apple MacBook 1200/12 MK4N2J/A [ゴールド],133000,https://kakaku.com/item/K0000752285/
https://www.e-zoa-lite.com/images/photo/s/158/ITM0015729158_S.jpg,Apple MacBook Pro Retinaディスプレイ 3100/13.3 MPXY2J/A [シルバー],153780,https://kakaku.com/item/K0000971673/
https://img1.kakaku.k-img.com/images/productimage/ll/K0001102075.jpg,Apple MacBook Air Retinaディスプレイ 1600/13.3 MREE2J/A [ゴールド],124800,https://kakaku.com/item/K0001102075/
https://img1.kakaku.k-img.com/images/productimage/ll/K0001173297.jpg,Apple MacBook Air Retinaディスプレイ 1600/13.3 MVFM2J/A [ゴールド],124800,https://kakaku.com/item/K0001173297/
https://img1.kakaku.k-img.com/images/productimage/ll/nowprinting.gif,Apple MacBook Pro Retinaディスプレイ 2300/13.3 MPXQ2J/A [スペースグレイ],130500,https://kakaku.com/item/K0000971666/
https://img1.kakaku.k-img.com/images/productimage/ll/K0000919745.jpg,Apple MacBook Pro Retinaディスプレイ 2900/13.3 MLH12J/A [スペースグレイ],132000,https://kakaku.com/item/K0000919745/
https://img1.kakaku.k-img.com/images/productimage/ll/K0001102078.jpg,Apple MacBook Air Retinaディスプレイ 1600/13.3 MREF2J/A [ゴールド],137757,https://kakaku.com/item/K0001102078/
https://www.gnet-akiba.co.jp/Image/MNYL2JA.gif,Apple MacBook Retinaディスプレイ 1300/12 MNYL2J/A [ゴールド],145000,https://kakaku.com/item/K0000971663/
https://www.e-zoa-lite.com/images/photo/s/159/ITM0015729159_S.jpg,Apple MacBook Pro Retinaディスプレイ 2900/15.4 MPTV2J/A [シルバー],218000,https://kakaku.com/item/K0000971677/
https://img1.kakaku.k-img.com/images/productimage/ll/K0000752286.jpg,Apple MacBook 1200/12 MJY42J/A [スペースグレイ],186601,https://kakaku.com/item/K0000752286/
https://gd.image-qoo10.jp/li/399/777/790777399.g_0-w_g.jpg,Apple MacBook Pro Retinaディスプレイ 2900/15.4 MPTT2J/A [スペースグレイ],229800,https://kakaku.com/item/K0000971676/
https://img1.kakaku.k-img.com/images/productimage/ll/K0000872152.jpg,Apple MacBook Air 1600/13.3 MMGF2J/A,89800,https://kakaku.com/item/K0000872152/
https://img1.kakaku.k-img.com/images/productimage/ll/K0001102077.jpg,Apple MacBook Air Retinaディスプレイ 1600/13.3 MRE92J/A [スペースグレイ],129800,https://kakaku.com/item/K0001102077/
https://img1.kakaku.k-img.com/images/productimage/ll/K0001173301.jpg,Apple MacBook Air Retinaディスプレイ 1600/13.3 MVFL2J/A [シルバー],134800,https://kakaku.com/item/K0001173301/
https://img1.kakaku.k-img.com/images/productimage/ll/K0000752281.jpg,Apple MacBook 1100/12 MF855J/A [シルバー],139700,https://kakaku.com/item/K0000752281/
https://img1.kakaku.k-img.com/images/productimage/ll/K0000919746.jpg,Apple MacBook Pro Retinaディスプレイ 2900/13.3 MLVP2J/A [シルバー],155000,https://kakaku.com/item/K0000919746/
