https://online.nojima.co.jp/image/shop/1/commodity/4549995096125_t.jpg,Apple 13インチ MacBook Air 1.1GHzクアッドコア第10世代 Intel Core i5プロセッサ 512GB - ゴールド,134000,https://online.nojima.co.jp/commodity/1/4549995096125/
https://online.nojima.co.jp/image/shop/1/commodity/4549995130003_t.jpg,Apple 13インチ MacBook Pro Touch Bar 第8世代の1.4GHzクアッドコアIntel Core i5プロセッサ 256GB - スペースグレイ,148280,https://online.nojima.co.jp/commodity/1/4549995130003/
https://online.nojima.co.jp/image/shop/1/commodity/4549995096156_t.jpg,Apple 13インチ MacBook Air 1.1GHzデュアルコア第10世代 Intel Core i3プロセッサ 256GB - スペースグレイ,115280,https://online.nojima.co.jp/commodity/1/4549995096156/
https://online.nojima.co.jp/image/shop/1/commodity/4549995129816_t.jpg,Apple 【！納期に関するご注意文をお読み下さい！】,204800,https://online.nojima.co.jp/commodity/1/4549995129816/
https://online.nojima.co.jp/image/shop/1/commodity/4549995129731_t.jpg,Apple 13インチ MacBook Pro Touch Bar 第10世代の2.0GHzクアッドコアIntel Core i5プロセッサ 512GB - スペースグレイ,207680,https://online.nojima.co.jp/commodity/1/4549995129731/
https://online.nojima.co.jp/image/shop/1/commodity/4549995096163_t.jpg,Apple 13インチ MacBook Air 1.1GHzデュアルコア第10世代 Intel Core i3プロセッサ 256GB - シルバー,115280,https://online.nojima.co.jp/commodity/1/4549995096163/
https://online.nojima.co.jp/image/shop/1/commodity/4549995129793_t.jpg,Apple 13インチ MacBook Pro Touch Bar 第10世代の2.0GHzクアッドコアIntel Core i5プロセッサ 512GB - シルバー,207680,https://online.nojima.co.jp/commodity/1/4549995129793/
https://online.nojima.co.jp/image/shop/1/commodity/4549995130065_t.jpg,Apple 13インチ MacBook Pro Touch Bar 第8世代の1.4GHzクアッドコアIntel Core i5プロセッサ 512GB - シルバー,157000,https://online.nojima.co.jp/commodity/1/4549995130065/
https://online.nojima.co.jp/image/shop/1/commodity/4549995129755_t.jpg,Apple 【！納期に関するご注意文をお読み下さい！】,203000,https://online.nojima.co.jp/commodity/1/4549995129755/
https://online.nojima.co.jp/image/shop/1/commodity/4549995096101_t.jpg,Apple 13インチ MacBook Air 1.1GHzクアッドコア第10世代 Intel Core i5プロセッサ 512GB - スペースグレイ,148280,https://online.nojima.co.jp/commodity/1/4549995096101/
https://online.nojima.co.jp/image/shop/1/commodity/4549995112719_t.jpg,Apple 16インチ MacBook Pro Touch Bar 第9世代2.6GHz 6コアIntel Core i7プロセッサ 512GB スペースグレイ,273680,https://online.nojima.co.jp/commodity/1/4549995112719/
https://online.nojima.co.jp/image/shop/1/commodity/4549995130041_t.jpg,Apple 13インチ MacBook Pro Touch Bar 第8世代の1.4GHzクアッドコアIntel Core i5プロセッサ 256GB - シルバー,148280,https://online.nojima.co.jp/commodity/1/4549995130041/
https://online.nojima.co.jp/image/shop/1/commodity/4549995096170_t.jpg,Apple 【！納期に関するご注意文をお読み下さい！】,115280,https://online.nojima.co.jp/commodity/1/4549995096170/
https://online.nojima.co.jp/image/shop/1/commodity/4549995133912_t.jpg,Apple 【！納期に関するご注意文をお読み下さい！】,124080,https://online.nojima.co.jp/commodity/1/4549995133912/
https://online.nojima.co.jp/image/shop/1/commodity/4549995096118_t.jpg,Apple 13インチ MacBook Air 1.1GHzクアッドコア第10世代 Intel Core i5プロセッサ 512GB - シルバー,148280,https://online.nojima.co.jp/commodity/1/4549995096118/
https://online.nojima.co.jp/image/shop/1/commodity/4547597961780_t.jpg,Apple 【！納期に関するご注意文をお読み下さい！】,132880,https://online.nojima.co.jp/commodity/1/4547597961780/
https://online.nojima.co.jp/image/shop/1/commodity/4547597988169_t.jpg,Apple 【！納期に関するご注意文をお読み下さい！】,614680,https://online.nojima.co.jp/commodity/1/4547597988169/
https://online.nojima.co.jp/image/shop/1/commodity/4549995038682_t.jpg,Apple 【！納期に関するご注意文をお読み下さい！】,218680,https://online.nojima.co.jp/commodity/1/4549995038682/
https://online.nojima.co.jp/image/shop/1/commodity/4549995038699_t.jpg,Apple 【！納期に関するご注意文をお読み下さい！】,242880,https://online.nojima.co.jp/commodity/1/4549995038699/
https://online.nojima.co.jp/image/shop/1/commodity/4549995038705_t.jpg,Apple 【！納期に関するご注意文をお読み下さい！】,279180,https://online.nojima.co.jp/commodity/1/4549995038705/
https://online.nojima.co.jp/image/shop/1/commodity/4549995038743_t.jpg,Apple 【！納期に関するご注意文をお読み下さい！】,157080,https://online.nojima.co.jp/commodity/1/4549995038743/
https://online.nojima.co.jp/image/shop/1/commodity/4549995038750_t.jpg,Apple 【！納期に関するご注意文をお読み下さい！】,181280,https://online.nojima.co.jp/commodity/1/4549995038750/
https://online.nojima.co.jp/image/shop/1/commodity/4549995072174_t.jpg,Apple 【！納期に関するご注意文をお読み下さい！】,284680,https://online.nojima.co.jp/commodity/1/4549995072174/
https://online.nojima.co.jp/image/shop/1/commodity/4549995072211_t.jpg,Apple 【！納期に関するご注意文をお読み下さい！】,333080,https://online.nojima.co.jp/commodity/1/4549995072211/
https://online.nojima.co.jp/image/shop/1/commodity/4549995072259_t.jpg,Apple 【！納期に関するご注意文をお読み下さい！】,284680,https://online.nojima.co.jp/commodity/1/4549995072259/
https://online.nojima.co.jp/image/shop/1/commodity/4549995072297_t.jpg,Apple 【！納期に関するご注意文をお読み下さい！】,333080,https://online.nojima.co.jp/commodity/1/4549995072297/
https://online.nojima.co.jp/image/shop/1/commodity/4549995112733_t.jpg,Apple 【！納期に関するご注意文をお読み下さい！】,317680,https://online.nojima.co.jp/commodity/1/4549995112733/
https://online.nojima.co.jp/image/shop/1/commodity/4549995112757_t.jpg,Apple 【！納期に関するご注意文をお読み下さい！】,273680,https://online.nojima.co.jp/commodity/1/4549995112757/
https://online.nojima.co.jp/image/shop/1/commodity/4549995112771_t.jpg,Apple 【！納期に関するご注意文をお読み下さい！】,317680,https://online.nojima.co.jp/commodity/1/4549995112771/
https://online.nojima.co.jp/image/shop/1/commodity/4549995133905_t.jpg,Apple 【！納期に関するご注意文をお読み下さい！】,91080,https://online.nojima.co.jp/commodity/1/4549995133905/
https://online.nojima.co.jp/image/shop/1/commodity/4547597836835_t.jpg,Apple Mac Pro/3.7GHz Quad Core Xeon E5/12GB/256GB/Dual AMD FirePro D300,333504,https://online.nojima.co.jp/commodity/1/4547597836835/
https://online.nojima.co.jp/image/shop/1/commodity/4547597836842_t.jpg,Apple Mac Pro/3.5GHz 6-Core Xeon E5/16GB/256GB/Dual AMD FirePro D500,500000,https://online.nojima.co.jp/commodity/1/4547597836842/
https://online.nojima.co.jp/image/shop/1/commodity/4547597886717_t.jpg,Apple MacBook Pro with Retina Display 13.3,160704,https://online.nojima.co.jp/commodity/1/4547597886717/
https://online.nojima.co.jp/image/shop/1/commodity/4547597886755_t.jpg,Apple Apple　MacBook Pro MF841J/A 13.3インチ Retinaディスプレイモデル SSD512GB 2900,225504,https://online.nojima.co.jp/commodity/1/4547597886755/
https://online.nojima.co.jp/image/shop/1/commodity/4547597888537_t.jpg,Apple Mac mini/1.4GHz Dual Core i5/4GB/500GB/Intel HD 5000,57024,https://online.nojima.co.jp/commodity/1/4547597888537/
https://online.nojima.co.jp/image/shop/1/commodity/4547597888544_t.jpg,Apple Mac mini/2.6GHz Dual Core i5/8GB/1TB/Intel Iris,80784,https://online.nojima.co.jp/commodity/1/4547597888544/
https://online.nojima.co.jp/image/shop/1/commodity/4547597888551_t.jpg,Apple Mac mini/2.8GHz Dual Core i5/8GB/1TB Fusion/Intel Iris,115344,https://online.nojima.co.jp/commodity/1/4547597888551/
https://online.nojima.co.jp/image/shop/1/commodity/4547597900437_t.jpg,Apple MacBook Pro Retinaディスプレイ 2200/15.4 MJLQ2J/A,214693,https://online.nojima.co.jp/commodity/1/4547597900437/
https://online.nojima.co.jp/image/shop/1/commodity/4547597900451_t.jpg,Apple 15.4インチ MacBook Pro Retinaディスプレイ Mac OS X/Core i7/メモリ16GB/SSD 512GB,305424,https://online.nojima.co.jp/commodity/1/4547597900451/
https://online.nojima.co.jp/image/shop/1/commodity/4547597922873_t.jpg,Apple iMac 21.5,160704,https://online.nojima.co.jp/commodity/1/4547597922873/
https://online.nojima.co.jp/image/shop/1/commodity/4547597922880_t.jpg,Apple iMac Retina 4K Display 21.5,186624,https://online.nojima.co.jp/commodity/1/4547597922880/
https://online.nojima.co.jp/image/shop/1/commodity/4547597922897_t.jpg,Apple iMac Retina 5K Display 27,225504,https://online.nojima.co.jp/commodity/1/4547597922897/
https://online.nojima.co.jp/image/shop/1/commodity/4547597922903_t.jpg,Apple iMac Retina 5K Display 27,257904,https://online.nojima.co.jp/commodity/1/4547597922903/
https://online.nojima.co.jp/image/shop/1/commodity/4547597937600_t.jpg,Apple MacBook 1100/12 MLH72J/A [スペースグレイ],160704,https://online.nojima.co.jp/commodity/1/4547597937600/
https://online.nojima.co.jp/image/shop/1/commodity/4547597937662_t.jpg,"Apple MacBook 12-inch: 1.1GHzデュアルコアIntel Core m3, 256GB/8GB/802.11ac/USB-C/シルバー",160704,https://online.nojima.co.jp/commodity/1/4547597937662/
https://online.nojima.co.jp/image/shop/1/commodity/4547597937686_t.jpg,Apple MacBook 1200/12 MLHC2J/A [シルバー],199584,https://online.nojima.co.jp/commodity/1/4547597937686/
https://online.nojima.co.jp/image/shop/1/commodity/4547597937723_t.jpg,Apple MacBook 1100/12 MLHE2J/A [ゴールド],160704,https://online.nojima.co.jp/commodity/1/4547597937723/
https://online.nojima.co.jp/image/shop/1/commodity/4547597937747_t.jpg,Apple MacBook 1200/12 MLHF2J/A [ゴールド],199584,https://online.nojima.co.jp/commodity/1/4547597937747/
https://online.nojima.co.jp/image/shop/1/commodity/4547597948514_t.jpg,"Apple MacBook Pro 13インチ: 2.0GHzデュアルコアIntel Core i5プロセッサ, 256GB - スペースグレイ",160704,https://online.nojima.co.jp/commodity/1/4547597948514/
https://online.nojima.co.jp/image/shop/1/commodity/4547597948538_t.jpg,Apple MacBook Pro Retinaディスプレイ 2000/13.3 MLUQ2J/A [シルバー],160704,https://online.nojima.co.jp/commodity/1/4547597948538/
https://online.nojima.co.jp/image/shop/1/commodity/4547597951439_t.jpg,Apple MacBook Air 1600/13.3 MMGF2J/A,121824,https://online.nojima.co.jp/commodity/1/4547597951439/
https://online.nojima.co.jp/image/shop/1/commodity/4547597951453_t.jpg,Apple MacBook Air 1600/13.3 MMGG2J/A,147744,https://online.nojima.co.jp/commodity/1/4547597951453/
https://online.nojima.co.jp/image/shop/1/commodity/4547597951668_t.jpg,"Apple MacBook 12-inch: 1.1GHzデュアルコアIntel Core m3, 256GB/8GB/802.11ac/USB-C/ローズゴールド",160704,https://online.nojima.co.jp/commodity/1/4547597951668/
https://online.nojima.co.jp/image/shop/1/commodity/4547597951682_t.jpg,Apple MacBook 1200/12 MMGM2J/A [ローズゴールド],199584,https://online.nojima.co.jp/commodity/1/4547597951682/
https://online.nojima.co.jp/image/shop/1/commodity/4547597956694_t.jpg,Apple MacBook Pro Retinaディスプレイ 2600/15.4 MLH32J/A [スペースグレイ],257904,https://online.nojima.co.jp/commodity/1/4547597956694/
https://online.nojima.co.jp/image/shop/1/commodity/4547597956731_t.jpg,Apple MacBook Pro Retinaディスプレイ 2600/15.4 MLW72J/A [シルバー],257904,https://online.nojima.co.jp/commodity/1/4547597956731/
https://online.nojima.co.jp/image/shop/1/commodity/4547597956755_t.jpg,Apple MacBook Pro Retinaディスプレイ 2700/15.4 MLW82J/A [シルバー],301104,https://online.nojima.co.jp/commodity/1/4547597956755/
https://online.nojima.co.jp/image/shop/1/commodity/4547597956816_t.jpg,"Apple MacBook Pro 13インチ Touch Bar モデル: 2.9GHzデュアルコアIntel Core i5プロセッサ, 256GB - スペースグレイ",193104,https://online.nojima.co.jp/commodity/1/4547597956816/
https://online.nojima.co.jp/image/shop/1/commodity/4547597956830_t.jpg,Apple MacBook Pro Retinaディスプレイ 2900/13.3 MLVP2J/A [シルバー],193104,https://online.nojima.co.jp/commodity/1/4547597956830/
https://online.nojima.co.jp/image/shop/1/commodity/4547597961803_t.jpg,Apple 21.5インチiMac Retina 4Kディスプレイモデル: 3.0GHzクアッドコアIntel Core i5,154224,https://online.nojima.co.jp/commodity/1/4547597961803/
https://online.nojima.co.jp/image/shop/1/commodity/4547597961810_t.jpg,Apple 21.5インチ iMac Retina 4Kディスプレイモデル: 3.4GHzクアッドコアIntel Core i5,181280,https://online.nojima.co.jp/commodity/1/4547597961810/
https://online.nojima.co.jp/image/shop/1/commodity/4547597961841_t.jpg,Apple 27インチiMac Retina 5Kディスプレイモデル: 3.4GHzクアッドコアIntel Core i5,214704,https://online.nojima.co.jp/commodity/1/4547597961841/
https://online.nojima.co.jp/image/shop/1/commodity/4547597961858_t.jpg,Apple 27インチiMac Retina 5Kディスプレイモデル: 3.5GHzクアッドコアIntel Core i5,242880,https://online.nojima.co.jp/commodity/1/4547597961858/
https://online.nojima.co.jp/image/shop/1/commodity/4547597961865_t.jpg,Apple 27インチiMac Retina 5Kディスプレイモデル: 3.8GHzクアッドコアIntel Core i5,279180,https://online.nojima.co.jp/commodity/1/4547597961865/
https://online.nojima.co.jp/image/shop/1/commodity/4547597966730_t.jpg,Apple MacBook Pro Retinaディスプレイ 2900/13.3 MNQF2J/A [スペースグレイ],214704,https://online.nojima.co.jp/commodity/1/4547597966730/
https://online.nojima.co.jp/image/shop/1/commodity/4547597966778_t.jpg,"Apple MacBook Pro 13インチ Touch Bar モデル: 2.9GHzデュアルコアIntel Core i5プロセッサ, 512GB - シルバー",214704,https://online.nojima.co.jp/commodity/1/4547597966778/
https://online.nojima.co.jp/image/shop/1/commodity/4547597970195_t.jpg,Apple MacBook Retinaディスプレイ 1200/12 MNYF2J/A [スペースグレイ],154224,https://online.nojima.co.jp/commodity/1/4547597970195/
https://online.nojima.co.jp/image/shop/1/commodity/4547597970201_t.jpg,Apple MacBook Retinaディスプレイ 1300/12 MNYG2J/A [スペースグレイ],189864,https://online.nojima.co.jp/commodity/1/4547597970201/
https://online.nojima.co.jp/image/shop/1/commodity/4547597970218_t.jpg,Apple MacBook Retinaディスプレイ 1200/12 MNYH2J/A [シルバー],154224,https://online.nojima.co.jp/commodity/1/4547597970218/
https://online.nojima.co.jp/image/shop/1/commodity/4547597970225_t.jpg,Apple MacBook Retinaディスプレイ 1300/12 MNYJ2J/A [シルバー],189864,https://online.nojima.co.jp/commodity/1/4547597970225/
https://online.nojima.co.jp/image/shop/1/commodity/4547597970232_t.jpg,Apple MacBook Retinaディスプレイ 1200/12 MNYK2J/A [ゴールド],154224,https://online.nojima.co.jp/commodity/1/4547597970232/
https://online.nojima.co.jp/image/shop/1/commodity/4547597970249_t.jpg,Apple MacBook Retinaディスプレイ 1300/12 MNYL2J/A [ゴールド],189864,https://online.nojima.co.jp/commodity/1/4547597970249/
https://online.nojima.co.jp/image/shop/1/commodity/4547597970256_t.jpg,Apple MacBook Retinaディスプレイ 1200/12 MNYM2J/A [ローズゴールド],154224,https://online.nojima.co.jp/commodity/1/4547597970256/
https://online.nojima.co.jp/image/shop/1/commodity/4547597970263_t.jpg,Apple MacBook Retinaディスプレイ 1300/12 MNYN2J/A [ローズゴールド],189864,https://online.nojima.co.jp/commodity/1/4547597970263/
https://online.nojima.co.jp/image/shop/1/commodity/4547597970270_t.jpg,Apple 12インチ MacBook Retinaディスプレイ [スペースグレイ]/1.2GHzデュアルコアCPU[Core m3]/メモリ8GB/SSD 256GB/英字(US)キーボード版,177000,https://online.nojima.co.jp/commodity/1/4547597970270/
https://online.nojima.co.jp/image/shop/1/commodity/4547597970287_t.jpg,Apple 12インチ MacBook Retinaディスプレイ [スペースグレイ]/1.3GHzデュアルコアCore i5/メモリ8GB/SSD 512GB/英字(US)キーボード版,193380,https://online.nojima.co.jp/commodity/1/4547597970287/
https://online.nojima.co.jp/image/shop/1/commodity/4547597970294_t.jpg,Apple 12インチ MacBook Retinaディスプレイ [シルバー]/1.2GHzデュアルコアCPU[Core m3]/メモリ8GB/SSD 256GB/英字(US)キーボード版,157080,https://online.nojima.co.jp/commodity/1/4547597970294/
https://online.nojima.co.jp/image/shop/1/commodity/4547597970300_t.jpg,Apple 12インチ MacBook Retinaディスプレイ [シルバー]/1.3GHzデュアルコアCPU[Core m3]/メモリ8GB/SSD 512GB/英字(US)キーボード版,189864,https://online.nojima.co.jp/commodity/1/4547597970300/
https://online.nojima.co.jp/image/shop/1/commodity/4547597984024_t.jpg,Apple MacBook Pro Retinaディスプレイ 2800/15.4 MPTR2J/A [スペースグレイ],279504,https://online.nojima.co.jp/commodity/1/4547597984024/
https://online.nojima.co.jp/image/shop/1/commodity/4547597984031_t.jpg,Apple MacBook Pro Retinaディスプレイ 2900/15.4 MPTT2J/A [スペースグレイ],327024,https://online.nojima.co.jp/commodity/1/4547597984031/
https://online.nojima.co.jp/image/shop/1/commodity/4547597984048_t.jpg,Apple MacBook Pro Retinaディスプレイ 2800/15.4 MPTU2J/A [シルバー],279504,https://online.nojima.co.jp/commodity/1/4547597984048/
https://online.nojima.co.jp/image/shop/1/commodity/4547597984055_t.jpg,Apple MacBook Pro Retinaディスプレイ 2900/15.4 MPTV2J/A [シルバー],327024,https://online.nojima.co.jp/commodity/1/4547597984055/
https://online.nojima.co.jp/image/shop/1/commodity/4547597986172_t.jpg,Apple MacBook Pro Retinaディスプレイ 2300/13.3 MPXQ2J/A [スペースグレイ],154224,https://online.nojima.co.jp/commodity/1/4547597986172/
https://online.nojima.co.jp/image/shop/1/commodity/4547597986196_t.jpg,Apple MacBook Pro Retinaディスプレイ 2300/13.3 MPXR2J/A [シルバー],154224,https://online.nojima.co.jp/commodity/1/4547597986196/
https://online.nojima.co.jp/image/shop/1/commodity/4547597986219_t.jpg,Apple MacBook Pro Retinaディスプレイ 2300/13.3 MPXT2J/A [スペースグレイ],181280,https://online.nojima.co.jp/commodity/1/4547597986219/
https://online.nojima.co.jp/image/shop/1/commodity/4547597986233_t.jpg,Apple MacBook Pro Retinaディスプレイ 2300/13.3 MPXU2J/A [シルバー],177984,https://online.nojima.co.jp/commodity/1/4547597986233/
https://online.nojima.co.jp/image/shop/1/commodity/4547597986257_t.jpg,Apple MacBook Pro Retinaディスプレイ 3100/13.3 MPXV2J/A [スペースグレイ],214704,https://online.nojima.co.jp/commodity/1/4547597986257/
https://online.nojima.co.jp/image/shop/1/commodity/4547597986271_t.jpg,Apple MacBook Pro Retinaディスプレイ 3100/13.3 MPXW2J/A [スペースグレイ],238464,https://online.nojima.co.jp/commodity/1/4547597986271/
https://online.nojima.co.jp/image/shop/1/commodity/4547597986295_t.jpg,Apple MacBook Pro Retinaディスプレイ 3100/13.3 MPXX2J/A [シルバー],214704,https://online.nojima.co.jp/commodity/1/4547597986295/
https://online.nojima.co.jp/image/shop/1/commodity/4547597986318_t.jpg,Apple MacBook Pro Retinaディスプレイ 3100/13.3 MPXY2J/A [シルバー],238464,https://online.nojima.co.jp/commodity/1/4547597986318/
https://online.nojima.co.jp/image/shop/1/commodity/4547597993071_t.jpg,Apple MacBook Air 1800/13.3 MQD32J/A,108680,https://online.nojima.co.jp/commodity/1/4547597993071/
https://online.nojima.co.jp/image/shop/1/commodity/4547597993088_t.jpg,Apple MacBook Air 1800/13.3 MQD42J/A,128304,https://online.nojima.co.jp/commodity/1/4547597993088/
https://online.nojima.co.jp/image/shop/1/commodity/4547597993101_t.jpg,Apple 13.3インチ MacBook Air/1.8GHzデュアルコアCPU[Core i5]/メモリ8GB/SSD 128GB/英字(US)キーボード版,108680,https://online.nojima.co.jp/commodity/1/4547597993101/
https://online.nojima.co.jp/image/shop/1/commodity/4549995027822_t.jpg,"Apple 13インチ MacBook Air: 1.6GHzデュアルコアIntel Core i5プロセッサ, 128GB - スペースグレイ",145584,https://online.nojima.co.jp/commodity/1/4549995027822/
https://online.nojima.co.jp/image/shop/1/commodity/4549995027846_t.jpg,"Apple 13インチ MacBook Air: 1.6GHzデュアルコアIntel Core i5プロセッサ, 256GB - スペースグレイ",169344,https://online.nojima.co.jp/commodity/1/4549995027846/
https://online.nojima.co.jp/image/shop/1/commodity/4549995027860_t.jpg,"Apple 13インチ MacBook Air: 1.6GHzデュアルコアIntel Core i5プロセッサ, 128GB - シルバー",145584,https://online.nojima.co.jp/commodity/1/4549995027860/
https://online.nojima.co.jp/image/shop/1/commodity/4549995027884_t.jpg,"Apple 13インチ MacBook Air: 1.6GHzデュアルコアIntel Core i5プロセッサ, 256GB - シルバー",169344,https://online.nojima.co.jp/commodity/1/4549995027884/
https://online.nojima.co.jp/image/shop/1/commodity/4549995027907_t.jpg,"Apple 13インチ MacBook Air: 1.6GHzデュアルコアIntel Core i5プロセッサ, 128GB - ゴールド",145584,https://online.nojima.co.jp/commodity/1/4549995027907/
https://online.nojima.co.jp/image/shop/1/commodity/4549995027921_t.jpg,"Apple 13インチ MacBook Air: 1.6GHzデュアルコアIntel Core i5プロセッサ, 256GB - ゴールド",169344,https://online.nojima.co.jp/commodity/1/4549995027921/
https://online.nojima.co.jp/image/shop/1/commodity/4549995028300_t.jpg,Apple MacBook Pro Retinaディスプレイ 2200/15.4 SSD256GB MR932J/A [スペースグレイ],279504,https://online.nojima.co.jp/commodity/1/4549995028300/
https://online.nojima.co.jp/image/shop/1/commodity/4549995028324_t.jpg,Apple MacBook Pro Retinaディスプレイ 2600/15.4 MR942J/A [スペースグレイ],327024,https://online.nojima.co.jp/commodity/1/4549995028324/
https://online.nojima.co.jp/image/shop/1/commodity/4549995028362_t.jpg,Apple MacBook Pro Retinaディスプレイ 2200/15.4 SSD256GB MR962J/A [シルバー],279504,https://online.nojima.co.jp/commodity/1/4549995028362/
https://online.nojima.co.jp/image/shop/1/commodity/4549995028386_t.jpg,Apple MacBook Pro Retinaディスプレイ 2600/15.4 MR972J/A [シルバー],327024,https://online.nojima.co.jp/commodity/1/4549995028386/
https://online.nojima.co.jp/image/shop/1/commodity/4549995028485_t.jpg,Apple MacBook Pro Retinaディスプレイ 2300/13.3 SSD256GB MR9Q2J/A [スペースグレイ],214704,https://online.nojima.co.jp/commodity/1/4549995028485/
https://online.nojima.co.jp/image/shop/1/commodity/4549995028508_t.jpg,Apple MacBook Pro Retinaディスプレイ 2300/13.3 SSD512GB MR9R2J/A [スペースグレイ],238464,https://online.nojima.co.jp/commodity/1/4549995028508/
https://online.nojima.co.jp/image/shop/1/commodity/4549995028546_t.jpg,Apple MacBook Pro Retinaディスプレイ 2300/13.3 SSD256GB MR9U2J/A [シルバー],214704,https://online.nojima.co.jp/commodity/1/4549995028546/
https://online.nojima.co.jp/image/shop/1/commodity/4549995028560_t.jpg,Apple MacBook Pro Retinaディスプレイ 2300/13.3 SSD512GB MR9V2J/A [シルバー],238464,https://online.nojima.co.jp/commodity/1/4549995028560/
https://online.nojima.co.jp/image/shop/1/commodity/4549995033311_t.jpg,"Apple 12インチMacBook: 1.2GHzデュアルコアIntel Core m3, 256GB - ゴールド",154224,https://online.nojima.co.jp/commodity/1/4549995033311/
https://online.nojima.co.jp/image/shop/1/commodity/4549995033328_t.jpg,Apple 12インチ MacBook Retinaディスプレイ [ゴールド]/1.2GHzデュアルコアCPU[Core m3]/メモリ8GB/SSD 256GB/英字(US)キーボード版,157080,https://online.nojima.co.jp/commodity/1/4549995033328/
https://online.nojima.co.jp/image/shop/1/commodity/4549995033335_t.jpg,Apple 12インチ MacBook Retinaディスプレイ  [ゴールド]/1.3GHzデュアルコアCPU[Core  i5]/メモリ8GB/SSD 512GB,189864,https://online.nojima.co.jp/commodity/1/4549995033335/
https://online.nojima.co.jp/image/shop/1/commodity/4549995033342_t.jpg,Apple 12インチ MacBook Retinaディスプレイ [ゴールド]/1.3GHzデュアルコアCore i5/メモリ8GB/SSD 512GB/英字(US)キーボード版,193380,https://online.nojima.co.jp/commodity/1/4549995033342/
https://online.nojima.co.jp/image/shop/1/commodity/4549995042795_t.jpg,"Apple Mac mini: 3.6GHzクアッドコア第Intel Core i3プロセッサ, 128GB",98780,https://online.nojima.co.jp/commodity/1/4549995042795/
https://online.nojima.co.jp/image/shop/1/commodity/4549995042801_t.jpg,"Apple Mac mini: 3.0GHz 6コア第Intel Core i5プロセッサ, 256GB",135080,https://online.nojima.co.jp/commodity/1/4549995042801/
https://online.nojima.co.jp/image/shop/1/commodity/4549995072167_t.jpg,Apple 13インチMacBookPro - スペースグレイ - Apple MV962J/A,218680,https://online.nojima.co.jp/commodity/1/4549995072167/
https://online.nojima.co.jp/image/shop/1/commodity/4549995072181_t.jpg,Apple 13インチMacBookPro Touch Bar搭載・USキーボードモデルスペースグレイ MV962JA/A,214704,https://online.nojima.co.jp/commodity/1/4549995072181/
https://online.nojima.co.jp/image/shop/1/commodity/4549995072198_t.jpg,Apple 15インチMacBookPro Touch Bar搭載・USキーボードモデルスペースグレイ MV902JA/A,279504,https://online.nojima.co.jp/commodity/1/4549995072198/
https://online.nojima.co.jp/image/shop/1/commodity/4549995072204_t.jpg,Apple 13インチMacBookPro - スペースグレイ - Apple MV972J/A,242880,https://online.nojima.co.jp/commodity/1/4549995072204/
https://online.nojima.co.jp/image/shop/1/commodity/4549995072228_t.jpg,Apple 13インチMacBookPro Touch Bar搭載・USキーボードモデルスペースグレイ MV972JA/A,238464,https://online.nojima.co.jp/commodity/1/4549995072228/
https://online.nojima.co.jp/image/shop/1/commodity/4549995072235_t.jpg,Apple 15インチMacBookPro Touch Bar搭載・USキーボードモデルスペースグレイ MV912JA/A,327024,https://online.nojima.co.jp/commodity/1/4549995072235/
https://online.nojima.co.jp/image/shop/1/commodity/4549995072273_t.jpg,Apple 15インチMacBookPro Touch Bar搭載・USキーボードモデルシルバー MV922JA/A,279504,https://online.nojima.co.jp/commodity/1/4549995072273/
https://online.nojima.co.jp/image/shop/1/commodity/4549995072280_t.jpg,Apple 13インチMacBookPro - シルバー - Apple MV992J/A,218680,https://online.nojima.co.jp/commodity/1/4549995072280/
https://online.nojima.co.jp/image/shop/1/commodity/4549995072303_t.jpg,Apple 13インチMacBookPro Touch Bar搭載・USキーボードモデルシルバー MV992JA/A,214704,https://online.nojima.co.jp/commodity/1/4549995072303/
https://online.nojima.co.jp/image/shop/1/commodity/4549995072310_t.jpg,Apple 15インチMacBookPro Touch Bar搭載・USキーボードモデルシルバー MV932JA/A,327024,https://online.nojima.co.jp/commodity/1/4549995072310/
https://online.nojima.co.jp/image/shop/1/commodity/4549995072327_t.jpg,Apple 13インチMacBookPro - シルバー - Apple MV9A2J/A,242880,https://online.nojima.co.jp/commodity/1/4549995072327/
https://online.nojima.co.jp/image/shop/1/commodity/4549995072341_t.jpg,Apple 13インチMacBookPro Touch Bar搭載・USキーボードモデルシルバー MV9A2JA/A,238464,https://online.nojima.co.jp/commodity/1/4549995072341/
https://online.nojima.co.jp/image/shop/1/commodity/4549995077308_t.jpg,Apple 13インチ MacBook Pro Touch Bar 1.4GHzクアッドコア第8世代 Intel Core i5プロセッサ 128GB - スペースグレイ,153780,https://online.nojima.co.jp/commodity/1/4549995077308/
https://online.nojima.co.jp/image/shop/1/commodity/4549995077322_t.jpg,Apple 13インチ MacBook Pro Touch Bar 1.4GHzクアッドコア第8世代 Intel Core i5プロセッサ 256GB - スペースグレイ,175780,https://online.nojima.co.jp/commodity/1/4549995077322/
https://online.nojima.co.jp/image/shop/1/commodity/4549995077346_t.jpg,Apple 13インチ MacBook Pro Touch Bar 1.4GHzクアッドコア第8世代 Intel Core i5プロセッサ 128GB - シルバー,153780,https://online.nojima.co.jp/commodity/1/4549995077346/
https://online.nojima.co.jp/image/shop/1/commodity/4549995077360_t.jpg,Apple 13インチ MacBook Pro Touch Bar 1.4GHzクアッドコア第8世代 Intel Core i5プロセッサ 256GB - シルバー,175780,https://online.nojima.co.jp/commodity/1/4549995077360/
https://online.nojima.co.jp/image/shop/1/commodity/4549995094916_t.jpg,Apple 13インチ MacBook Air 1.6GHzデュアルコア第8世代 Intel Corei5プロセッサ 128GB - スペースグレイ,131780,https://online.nojima.co.jp/commodity/1/4549995094916/
https://online.nojima.co.jp/image/shop/1/commodity/4549995094923_t.jpg,Apple 13インチ MacBook Air 1.6GHzデュアルコア第8世代 Intel Corei5プロセッサ 256GB - スペースグレイ,153780,https://online.nojima.co.jp/commodity/1/4549995094923/
https://online.nojima.co.jp/image/shop/1/commodity/4549995094930_t.jpg,Apple 13インチ MacBook Air 1.6GHzデュアルコア第8世代 Intel Corei5プロセッサ 128GB - シルバー,131780,https://online.nojima.co.jp/commodity/1/4549995094930/
https://online.nojima.co.jp/image/shop/1/commodity/4549995094947_t.jpg,Apple 13インチ MacBook Air 1.6GHzデュアルコア第8世代 Intel Corei5プロセッサ 256GB - シルバー,153780,https://online.nojima.co.jp/commodity/1/4549995094947/
https://online.nojima.co.jp/image/shop/1/commodity/4549995094954_t.jpg,Apple 13インチ MacBook Air 1.6GHzデュアルコア第8世代 Intel Corei5プロセッサ 128GB - ゴールド,131780,https://online.nojima.co.jp/commodity/1/4549995094954/
https://online.nojima.co.jp/image/shop/1/commodity/4549995094961_t.jpg,Apple 13インチ MacBook Air 1.6GHzデュアルコア第8世代 Intel Corei5プロセッサ 256GB - ゴールド,153780,https://online.nojima.co.jp/commodity/1/4549995094961/
https://online.nojima.co.jp/image/shop/1/commodity/4549995130027_t.jpg,Apple 13インチ MacBook Pro Touch Bar 第8世代の1.4GHzクアッドコアIntel Core i5プロセッサ 512GB - スペースグレイ,170280,https://online.nojima.co.jp/commodity/1/4549995130027/
