https://tshop.r10s.jp/mobilestation/cabinet/_045/1240001015058_1-1.jpg?fitin=275:275,【即日発送】 【新品・未使用】SIMフリー iPhoneXR 64GB ブラック 白ロム本体【送料無料】【スマホ専門販売店】,65980,https://item.rakuten.co.jp/mobilestation/1-240001015058/
https://tshop.r10s.jp/mobaxfukuokahakata/cabinet/imgrc0074086534.jpg?fitin=275:275,iPhone SE (第2世代) 128GB 本体 SIMフリー 新品未開封 Appleストア正規品 国内版 白ロム White ホワイト MXD12J/A iPhoneSE 2,58400,https://item.rakuten.co.jp/mobaxfukuokahakata/iphonese2-128gb-wh-mikaifu/
https://tshop.r10s.jp/mobilestation/cabinet/_027/1240001012015_1-2.jpg?fitin=275:275,【即日発送】 【新品・未使用】SIMフリー iPhone7 32GB シルバー 白ロム本体【送料無料】【スマホ専門販売店】,29980,https://item.rakuten.co.jp/mobilestation/1-240001012015/
https://tshop.r10s.jp/mobilestation/cabinet/_051/1240001017562_1-2.jpg?fitin=275:275,【即日発送】 【新品・未使用】SIMフリー iPhone11 Pro 256GB シルバー 白ロム本体【送料無料】【スマホ専門販売店】,138980,https://item.rakuten.co.jp/mobilestation/1-240001017562/
https://tshop.r10s.jp/mobaxfukuokahakata/cabinet/imgrc0074052432.jpg?fitin=275:275,iPhone SE (第2世代) 128GB 本体 SIMフリー 新品未開封 Appleストア正規品 国内版 白ロム Black ブラック MXD02J/A iPhoneSE 2,58400,https://item.rakuten.co.jp/mobaxfukuokahakata/iphonese2-128gb-bk-mikaifu/
https://tshop.r10s.jp/mobilestation/cabinet/_051/1240001017579_1-2.jpg?fitin=275:275,【即日発送】 【新品・未使用】SIMフリー iPhone11 Pro 256GB スペースグレイ 白ロム本体【送料無料】【スマホ専門販売店】,135980,https://item.rakuten.co.jp/mobilestation/1-240001017579/
https://tshop.r10s.jp/mobaxfukuokahakata/cabinet/imgrc0074052432.jpg?fitin=275:275,iPhone SE (第2世代) 64GB 本体 SIMフリー 新品未開封 Appleストア正規品 国内版 白ロム Black ブラック MX9R2J/A iPhoneSE 2,52480,https://item.rakuten.co.jp/mobaxfukuokahakata/iphonese2-64gb-bk-mikaifu/
https://tshop.r10s.jp/mobaxfukuokahakata/cabinet/imgrc0074078180.jpg?fitin=275:275,iPhone SE (第2世代) 128GB 本体 SIMフリー 新品未開封 Appleストア正規品 国内版 白ロム Red レッド MXD22J/A iPhoneSE 2,58400,https://item.rakuten.co.jp/mobaxfukuokahakata/iphonese2-128gb-red-mikaifu/
https://tshop.r10s.jp/mobilestation/cabinet/_051/1240001009008_1-5.jpg?fitin=275:275,【即日発送】 【新品・未使用】SIMフリー iPhone8 64GB スペースグレイ 白ロム本体【送料無料】【スマホ専門販売店】,43980,https://item.rakuten.co.jp/mobilestation/1-240001009008/
https://tshop.r10s.jp/best1mobile/cabinet/top/imgrc0085212183.jpg?fitin=275:275,【SIMフリー】【新品・未開封品】iPhone SE 第2世代（2020年モデル） 128GB ホワイト アップルストア版 アイフォン　スマホ 本体,58400,https://item.rakuten.co.jp/best1mobile/apple-iphonese2-128-wt-1/
https://tshop.r10s.jp/best1mobile/cabinet/imgrc0083676828.jpg?fitin=275:275,【国内版SIMフリー】【新品・未開封品】iPhone SE 第2世代（2020年モデル） 64GB ブラック 【アップルストア正規品】アイフォン　スマホ 本体,52480,https://item.rakuten.co.jp/best1mobile/apple-iphonese2-64-bk-1/
https://tshop.r10s.jp/mobaxfukuokahakata/cabinet/imgrc0074086534.jpg?fitin=275:275,iPhone SE (第2世代) 64GB 本体 SIMフリー 新品未開封 Appleストア正規品 国内版 白ロム White ホワイト MX9T2J/A iPhoneSE 2,52480,https://item.rakuten.co.jp/mobaxfukuokahakata/iphonese2-64gb-wh-mikaifu/
https://tshop.r10s.jp/best1mobile/cabinet/imgrc0081113429.jpg?fitin=275:275,【国内版SIMフリー】【新品・未開封品】iPhone SE 第2世代（2020年モデル） 64GB ホワイト 【アップルストア正規品】アイフォン　スマホ 本体,52480,https://item.rakuten.co.jp/best1mobile/apple-iphonese2-64-wt-1/
https://tshop.r10s.jp/mobilestation/cabinet/_045/1240001017624_1.jpg?fitin=275:275,【即日発送】 【新品・未使用】SIMフリー iPhone11 128GB ブラック 白ロム本体【送料無料】【スマホ専門販売店】,90980,https://item.rakuten.co.jp/mobilestation/1-240001017624/
https://tshop.r10s.jp/mobilestation/cabinet/_046/1240001017862_1.jpg?fitin=275:275,【即日発送】 【新品・未使用】SIMフリー iPhone11 128GB レッド 白ロム本体【送料無料】【スマホ専門販売店】,90980,https://item.rakuten.co.jp/mobilestation/1-240001017862/
https://tshop.r10s.jp/mobaxfukuokahakata/cabinet/imgrc0074078180.jpg?fitin=275:275,iPhone SE (第2世代) 256GB 本体 SIMフリー 新品未開封 Appleストア正規品 国内版 白ロム Red レッド MXVV2J/A iPhoneSE 2,70280,https://item.rakuten.co.jp/mobaxfukuokahakata/iphonese2-256gb-red-mikaifu/
https://tshop.r10s.jp/mobilestation/cabinet/_051/1240001017551_1-2.jpg?fitin=275:275,【即日発送】 【新品・未使用】SIMフリー iPhone11 Pro 64GB スペースグレイ 白ロム本体【送料無料】【スマホ専門販売店】,118980,https://item.rakuten.co.jp/mobilestation/1-240001017551/
https://tshop.r10s.jp/mobilestation/cabinet/_045/1240001015059_1-1.jpg?fitin=275:275,【即日発送】 【新品・未使用】SIMフリー iPhoneXR 64GB ホワイト 白ロム本体【送料無料】【スマホ専門販売店】,65980,https://item.rakuten.co.jp/mobilestation/1-240001015059/
https://tshop.r10s.jp/mobilestation/cabinet/_051/1240001017746_1-1.jpg?fitin=275:275,【即日発送】 【新品・未使用】SIMフリー iPhone11 Pro 64GB グリーン 白ロム本体【送料無料】【スマホ専門販売店】,118980,https://item.rakuten.co.jp/mobilestation/1-240001017746/
https://tshop.r10s.jp/mobaxfukuokahakata/cabinet/imgrc0074078180.jpg?fitin=275:275,iPhone SE (第2世代) 64GB 本体 SIMフリー 新品未開封 Appleストア正規品 国内版 白ロム Red レッド MX9U2J/A iPhoneSE 2,52480,https://item.rakuten.co.jp/mobaxfukuokahakata/iphonese2-64gb-red-mikaifu/
https://tshop.r10s.jp/best1mobile/cabinet/imgrc0081113453.jpg?fitin=275:275,【国内版SIMフリー】【新品・未開封品】iPhone SE 第2世代（2020年モデル） 64GB レッド 【アップルストア正規品】アイフォン　スマホ 本体,52480,https://item.rakuten.co.jp/best1mobile/apple-iphonese2-64-re-1/
https://tshop.r10s.jp/mobilestation/cabinet/_051/1240001017583_1-1.jpg?fitin=275:275,【即日発送】 【新品・未使用】au iPhone11 64GB ブラック 白ロム本体【送料無料】【スマホ専門販売店】,78980,https://item.rakuten.co.jp/mobilestation/1-240001017583/
https://tshop.r10s.jp/mobilestation/cabinet/_051/1240001017639_1-1.jpg?fitin=275:275,【即日発送】 【新品・未使用】SIMフリー iPhone11 64GB ホワイト 白ロム本体【送料無料】【スマホ専門販売店】,85980,https://item.rakuten.co.jp/mobilestation/1-240001017639/
https://tshop.r10s.jp/mobilestation/cabinet/_052/1240001014711_1-2.jpg?fitin=275:275,【即日発送】 【新品・未使用】SIMフリー iPhoneXs 256GB ゴールド 白ロム本体【送料無料】【スマホ専門販売店】,90980,https://item.rakuten.co.jp/mobilestation/1-240001014711/
https://tshop.r10s.jp/mobaxfukuokahakata/cabinet/imgrc0074086534.jpg?fitin=275:275,iPhone SE (第2世代) 256GB 本体 SIMフリー 新品未開封 Appleストア正規品 国内版 白ロム White ホワイト MXVU2J/A iPhoneSE 2,70280,https://item.rakuten.co.jp/mobaxfukuokahakata/iphonese2-256gb-wh-mikaifu/
https://tshop.r10s.jp/mobilestation/cabinet/_051/1240001017644_1-1.jpg?fitin=275:275,【即日発送】 【新品・未使用】SIMフリー iPhone11 64GB ブラック 白ロム本体【送料無料】【スマホ専門販売店】,85980,https://item.rakuten.co.jp/mobilestation/1-240001017644/
https://tshop.r10s.jp/best1mobile/cabinet/imgrc0083676828.jpg?fitin=275:275,【SIMフリー】【新品・未開封品】 iPhone SE 第2世代（2020年モデル） 128GB ブラック アップルストア版 アイフォン　スマホ 本体,58400,https://item.rakuten.co.jp/best1mobile/apple-iphonese2-128-bk-1/
https://tshop.r10s.jp/mobilestation/cabinet/_051/1240001017677_1-2.jpg?fitin=275:275,【即日発送】 【新品・未使用】SIMフリー iPhone11 Pro 256GBミッドナイトグリーン 白ロム本体【送料無料】【スマホ専門販売店】,135980,https://item.rakuten.co.jp/mobilestation/1-240001017677/
https://tshop.r10s.jp/e-cutestyle/cabinet/img026/p003000011793_1.jpg?fitin=275:275,★アップル / APPLE iPhone 11 128GB SIMフリー [ホワイト] (SIMフリー) [MWM22J/A] 【スマートフォン】【送料無料】,91700,https://item.rakuten.co.jp/e-cutestyle/p003000011793/
https://tshop.r10s.jp/qualityspace/cabinet/compass1589887143.jpg?fitin=275:275,「新品 未開封品」SIMフリー iPhoneSE (第2世代) 64gb black ブラック [Apple/アップル][アイフォン][MX9R2J/A][A2296],50780,https://item.rakuten.co.jp/qualityspace/se2-64gb-black-f-0/
https://tshop.r10s.jp/best1mobile/cabinet/imgrc0081113453.jpg?fitin=275:275,【SIMフリー】【新品・未開封品】iPhone SE 第2世代（2020年モデル） 128GB レッド アップルストア版 アイフォン　スマホ 本体,58400,https://item.rakuten.co.jp/best1mobile/apple-iphonese2-128-re1/
https://tshop.r10s.jp/mobilestation/cabinet/_047/1240001017945_1.jpg?fitin=275:275,【即日発送】 【新品・未使用】SIMフリー iPhone11 128GB グリーン 白ロム本体【送料無料】【スマホ専門販売店】,90980,https://item.rakuten.co.jp/mobilestation/1-240001017945/
https://tshop.r10s.jp/mobaxfukuokahakata/cabinet/imgrc0070730702.jpg?fitin=275:275,iPhone XR 64GB 本体 SIMフリー 新品未開封 ホワイト MT032J/A Apple White 白ロム docomo版正規SIMロック解除品 一括購入 〇判定 iPhoneXR,62960,https://item.rakuten.co.jp/mobaxfukuokahakata/iphonexr-64-white-mikaifuban/
https://tshop.r10s.jp/mobaxfukuokahakata/cabinet/06738021/graggargg.jpg?fitin=275:275,iPhone XR 64GB 本体 SIMフリー 新品未開封 Apple アップル Black ブラック MT002J/A A2106 白ロム　一括購入品 〇判定 正規SIMロック解除済み iPhoneXR,62960,https://item.rakuten.co.jp/mobaxfukuokahakata/iphonexr-64gb-bk/
https://tshop.r10s.jp/best1mobile/cabinet/imgrc0083676828.jpg?fitin=275:275,【SIMロック解除済】【未使用品】iPhone SE 第2世代（2020年モデル） 64GB ブラック SIMフリー 白ロム 【全国送料無料】アイフォン　スマホ 本体,51480,https://item.rakuten.co.jp/best1mobile/apple-iphonese2-64-bk/
https://tshop.r10s.jp/mobilestation/cabinet/_051/1240001017563_1-1.jpg?fitin=275:275,【即日発送】 【新品・未使用】SIMフリー iPhone11 64GB レッド 白ロム本体【送料無料】【スマホ専門販売店】,85980,https://item.rakuten.co.jp/mobilestation/1-240001017563/
https://tshop.r10s.jp/qualityspace/cabinet/compass1506933180.jpg?fitin=275:275,「新品 未使用品 白ロム」SIMフリー iPhone8 64gb Silver シルバー ※赤ロム永久保証 [送料無料][auからSIMロック解除][Apple/アップル][アイフォン][MQ792J/A][A1906],44500,https://item.rakuten.co.jp/qualityspace/au-8-64gb-silver-f/
https://tshop.r10s.jp/mobaxfukuokahakata/cabinet/imgrc0074052432.jpg?fitin=275:275,iPhone SE (第2世代) 256GB 本体 SIMフリー 新品未開封 Appleストア正規品 国内版 白ロム Black ブラック MXVT2J/A iPhoneSE 2,70280,https://item.rakuten.co.jp/mobaxfukuokahakata/iphonese2-256gb-bk-mikaifu/
https://tshop.r10s.jp/mobaxfukuokahakata/cabinet/06738021/iphonexr-128gb-ye.jpg?fitin=275:275,iPhone XR 256GB 本体 SIMフリー 新品未開封 Apple アップル Yellow イエロー MT0Y2J/A A2106 一括購入品 正規SIMロック解除済み　白ロム iPhoneXR,72000,https://item.rakuten.co.jp/mobaxfukuokahakata/iphonexr256gb-ye-mi/
https://tshop.r10s.jp/mobilestation/cabinet/_054/1240001018983_1.jpg?fitin=275:275,【即日発送】 【新品・未使用】SIMフリー iPhone SE 64GB 2020年モデル ホワイト 白ロム本体【送料無料】【スマホ専門販売店】,52980,https://item.rakuten.co.jp/mobilestation/1-240001018983/
https://tshop.r10s.jp/machida/cabinet/03149072/phone/55555555555555.jpg?fitin=275:275,【SE専用ガラスフィルム＆特典付】【即納可能】【未開封】iPhoneSE 第二世代 SE2 SIMフリー 白ロム 【ホワイト / ブラック / レッド】【動作確認済】【あす楽対応】【RCP】アイフォン 本体★カード決済エラーは即キャンセル★,51800,https://item.rakuten.co.jp/machida/se2_64_simfree_new_unopened/
https://tshop.r10s.jp/mobilestation/cabinet/_026/1240001010994_1-1.jpg?fitin=275:275,【即日発送】 【新品・未使用】SIMフリー iPhone7 128GB ゴールド 白ロム本体【送料無料】【スマホ専門販売店】,40980,https://item.rakuten.co.jp/mobilestation/1-240001010994/
https://tshop.r10s.jp/mobilestation/cabinet/_031/1240001012016_1-1.jpg?fitin=275:275,【即日発送】 【新品・未使用】SIMフリー iPhone7 128GB ブラック 白ロム本体【送料無料】【スマホ専門販売店】,40980,https://item.rakuten.co.jp/mobilestation/1-240001012016/
https://tshop.r10s.jp/mobilestation/cabinet/_046/1240001017868_1.jpg?fitin=275:275,【即日発送】 【新品・未使用】SIMフリー iPhone11 Pro 512GB ゴールド 白ロム本体【送料無料】【スマホ専門販売店】,147980,https://item.rakuten.co.jp/mobilestation/1-240001017868/
https://tshop.r10s.jp/mobilestation/cabinet/_052/1240001014600_1-3.jpg?fitin=275:275,【即日発送】 【新品・未使用】SIMフリー iPhoneXs 64GB スペースグレイ 白ロム本体【送料無料】【スマホ専門販売店】,84980,https://item.rakuten.co.jp/mobilestation/1-240001014600/
https://tshop.r10s.jp/dandystore/cabinet/c8rk51.jpg?fitin=275:275,[新品] Apple アップル 2020 新型 iPhone SE 64GB SIMロック解除済 未開封 ホワイト MX9T2J/A 4549995128352 第2世代,50700,https://item.rakuten.co.jp/dandystore/4549995128352m/
https://tshop.r10s.jp/qualityspace/cabinet/compass1588925427.jpg?fitin=275:275,「新品 未開封品」SIMフリー iPhoneSE (第2世代) 64gb red レッド [Apple/アップル][アイフォン][MX9U2J/A][A2296],51200,https://item.rakuten.co.jp/qualityspace/se2-64gb-red-f-0/
https://tshop.r10s.jp/mobilestation/cabinet/_046/1240001017887_1.jpg?fitin=275:275,【即日発送】 【新品・未使用】SIMフリー iPhone11 64GB グリーン 白ロム本体【送料無料】【スマホ専門販売店】,85980,https://item.rakuten.co.jp/mobilestation/1-240001017887/
https://tshop.r10s.jp/sokutei/cabinet/05716971/4549995128321.jpg?fitin=275:275,Apple iPhone SE 第二世代 iphonese 256GB SIMフリー アップル アイフォン スマートフォン[ブラック]MXVU2J/A 新品 未開封[ラッピング可],69700,https://item.rakuten.co.jp/sokutei/4549995137552/
https://tshop.r10s.jp/mobilestation/cabinet/_027/1240001014193_1.jpg?fitin=275:275,【即日発送】 【新品・未使用】SIMフリー iPhone7 128GB シルバー 白ロム本体【送料無料】【スマホ専門販売店】,40980,https://item.rakuten.co.jp/mobilestation/1-240001014193/
https://tshop.r10s.jp/qualityspace/cabinet/compass1544523005.jpg?fitin=275:275,「新品 未使用 白ロム」SIMフリー iPhone XR 64GB White ホワイト MT032J/A [正規SIMロック解除 ][Apple/アップル][アイフォン][A2106],63000,https://item.rakuten.co.jp/qualityspace/xr-64gb-white-f/
https://tshop.r10s.jp/mobilestation/cabinet/_036/1240001009706_1-2.jpg?fitin=275:275,【即日発送】 【新品・未使用】SIMフリー iPhone7 128GB ローズゴールド 白ロム本体【送料無料】【スマホ専門販売店】,40980,https://item.rakuten.co.jp/mobilestation/1-240001009706/
https://tshop.r10s.jp/mobilestation/cabinet/_049/1240001017566_1-1.jpg?fitin=275:275,【即日発送】 【新品・未使用】au iPhone11 64GB ホワイト 白ロム本体【送料無料】【スマホ専門販売店】,78980,https://item.rakuten.co.jp/mobilestation/1-240001017566/
https://tshop.r10s.jp/mobilestation/cabinet/_052/1240001014532_1-3.jpg?fitin=275:275,【即日発送】 【新品・未使用】SIMフリー iPhoneXs 64GB ゴールド 白ロム本体【送料無料】【スマホ専門販売店】,84980,https://item.rakuten.co.jp/mobilestation/1-240001014532/
https://tshop.r10s.jp/mobilestation/cabinet/_033/1240001015505_1.jpg?fitin=275:275,【即日発送】 【新品・未使用】SIMフリー iPhoneXR 128GB イエロー 白ロム本体【送料無料】【スマホ専門販売店】,69980,https://item.rakuten.co.jp/mobilestation/1-240001015505/
https://tshop.r10s.jp/plex/cabinet/02072677/imgrc0073260328.jpg?fitin=275:275,新品 アップル iPhone7 A1779 32GB シルバー ( MNCF2J/A ) スマホ スマートフォン 本体 Apple Softbank SIMロック解除済み SIMフリー テレワーク 在宅勤務 在宅ワーク に,30800,https://item.rakuten.co.jp/plex/10015342/
https://tshop.r10s.jp/mobileshop1/cabinet/07674477/imgrc0082977718.jpg?fitin=275:275,【新品交換品】iphone8 simフリー 256GB Space Gray 赤ロム永久保証,41800,https://item.rakuten.co.jp/mobileshop1/iphone8-gray-256/
https://tshop.r10s.jp/lcs-live/cabinet/05311406/imgrc0105118160.jpg?fitin=275:275,【即納・在庫あり】【新品・未使用品】iPhone 8 64GB [シルバー]SIMロック解除済　白ロムJAN:4547597992210,45100,https://item.rakuten.co.jp/lcs-live/10004987/
https://tshop.r10s.jp/mobilestation/cabinet/_041/1240001016792_1.jpg?fitin=275:275,【即日発送】【新品本体のみ】SIMフリー iPhone8 256GB スペースグレイ 白ロム本体【送料無料】【スマホ専門販売店】,50980,https://item.rakuten.co.jp/mobilestation/1-240001016792/
https://tshop.r10s.jp/qualityspace/cabinet/compass1592470889.jpg?fitin=275:275,「新品・未開封品」SIMフリー Apple iphone8 256GB red レッド「正規SIMロック解除済][アップル][MRT02J/A],54000,https://item.rakuten.co.jp/qualityspace/8-256gb-red-f-0/
https://tshop.r10s.jp/mobaxfukuokahakata/cabinet/06738021/herererere.jpg?fitin=275:275,iPhone XR 256GB 本体 SIMフリー 新品未開封 Blue ブルー Apple アップル MT112J/A 一括購入品 docomo版正規SIMロック解除済み 白ロム iPhoneXR,73800,https://item.rakuten.co.jp/mobaxfukuokahakata/iphonexr-256gb-blue-mi/
https://tshop.r10s.jp/lcs-live/cabinet/05311406/imgrc0105116167.jpg?fitin=275:275,【即納・在庫あり】【新品・未使用品】iPhone 8 64GB [ゴールド]SIMロック解除済 白ロムJAN:4547597992227,45100,https://item.rakuten.co.jp/lcs-live/10006233/
https://tshop.r10s.jp/e-cutestyle/cabinet/img025/p000000697522_1.jpg?fitin=275:275,★アップル / APPLE iPhone 11 64GB SIMフリー [ブラック] (SIMフリー) 【スマートフォン】【送料無料】,85920,https://item.rakuten.co.jp/e-cutestyle/p000000697522/
https://tshop.r10s.jp/mobilestation/cabinet/_029/1240001009876_1-1.jpg?fitin=275:275,【即日発送】 【新品・未使用】SIMフリー iPhone SE 32GB ゴールド 白ロム本体【送料無料】【スマホ専門販売店】,39980,https://item.rakuten.co.jp/mobilestation/1-240001009876/
https://tshop.r10s.jp/e-cutestyle/cabinet/img027/p000000697646_1.jpg?fitin=275:275,★アップル / APPLE iPhone 11 Pro 64GB SIMフリー [ミッドナイトグリーン] (SIMフリー) [MWC62J/A] 【スマートフォン】【送料無料】,120420,https://item.rakuten.co.jp/e-cutestyle/p000000697646/
https://tshop.r10s.jp/winkstore/cabinet/228000/227857.jpg?fitin=275:275,APPLE　スマートフォン(SIMフリー)　MN6K2J/A iPhone 7 Plus 128GB SIMフリー [ジェットブラック],58104,https://item.rakuten.co.jp/winkstore/227857/
https://tshop.r10s.jp/qualityspace/cabinet/compass1521457719.jpg?fitin=275:275,[新品 未使用 白ロム] simフリー Softbank iPhone 8 64GB spacegray グレー ※赤ロム永久保証 [MQ782J/A ][Softbankからsimロック解除][アイフォン][A1906],43900,https://item.rakuten.co.jp/qualityspace/sb-8-64gb-spacegray-f/
https://tshop.r10s.jp/mobilestation/cabinet/_042/1240001017098_1.jpg?fitin=275:275,【即日発送】 【新品・未使用】SIMフリー iPhoneXs Max 512GB シルバー 白ロム本体【送料無料】【スマホ専門販売店】,105980,https://item.rakuten.co.jp/mobilestation/1-240001017098/
https://tshop.r10s.jp/mobaxfukuokahakata/cabinet/06738021/regfwefewfw.jpg?fitin=275:275,iPhone XR 256GB 本体 SIMフリー 新品未開封 Apple アップル Coral コーラル 一括購入品 MT102J/A A2106 白ロム docomo版 正規SIMロック解除済み,72800,https://item.rakuten.co.jp/mobaxfukuokahakata/iphonexr-256gb-co-sim-mi/
https://tshop.r10s.jp/mobaxfukuokahakata/cabinet/06738765/ffewewfeffwf.jpg?fitin=275:275,iPhone XR 64GB 本体 SIMフリー 新品未開封 Apple アップル Red レッド MT062J/A A2106 白ロム 正規SIMロック解除済み 一括購入 〇判定 iPhoneXR,66800,https://item.rakuten.co.jp/mobaxfukuokahakata/au-iphonexr-64gb-red/
https://tshop.r10s.jp/mobilestation/cabinet/_054/1240001019061_1.jpg?fitin=275:275,【即日発送】【新品未開封・未使用】SIMフリー iPhone11 128GB ブラック 本体【送料無料】【スマホ専門販売店】,91980,https://item.rakuten.co.jp/mobilestation/1-240001019061/
https://tshop.r10s.jp/lcs-live/cabinet/05311406/imgrc0187041193.jpg?fitin=275:275,【アップル版・未開封】Apple（日本）iPhone SE (第2世代) (PRODUCT)RED 128GB [レッド] 本体 SIMフリー,57500,https://item.rakuten.co.jp/lcs-live/10006630/
https://tshop.r10s.jp/best1mobile/cabinet/imgrc0081113453.jpg?fitin=275:275,【SIMフリー】【新品・未開封品】iPhone SE 第2世代（2020年モデル） 256GB レッド アップルストア版 アイフォン　スマホ 本体,70280,https://item.rakuten.co.jp/best1mobile/apple-iphonese2-256-re1/
https://tshop.r10s.jp/qualityspace/cabinet/compass1548236838.jpg?fitin=275:275,[新品 未使用品 白ロム]SIMフリー iPhone 6s 32gb gold ゴールド [Apple/アップル][アイフォン][UQmobileからSIMロック解除済み][MN112J/A][A1688],34500,https://item.rakuten.co.jp/qualityspace/uq-6s-32gb-gold-f/
https://tshop.r10s.jp/qualityspace/cabinet/compass1573877130.jpg?fitin=275:275,「新品 未使用品 白ロム」SIMフリー iPhone11 64gb purple パープル※赤ロム永久保証 [正規SIMロック解除][Apple/アイフォン]][[MWLX2J/A][A2221],84300,https://item.rakuten.co.jp/qualityspace/11-64gb-purple-f/
https://tshop.r10s.jp/mobilestation/cabinet/_053/1240001018759_1.jpg?fitin=275:275,【即日発送】 【新品・未使用】SIMフリー iPhone SE 64GB 2020年モデル　レッド 白ロム本体【送料無料】【スマホ専門販売店】,52980,https://item.rakuten.co.jp/mobilestation/1-240001018759/
https://tshop.r10s.jp/qualityspace/cabinet/compass1544523133.jpg?fitin=275:275,「新品 未使用 白ロム」SIMフリー iPhone XR 64GB Black ブラック MT002J/A [正規SIMロック解除 ][Apple/アップル][アイフォン][A2106],62800,https://item.rakuten.co.jp/qualityspace/xr-64gb-black-f/
https://tshop.r10s.jp/auc-u-king-r/cabinet/02407167/ip11pro-512_1.jpg?fitin=275:275,iPhone 11 Pro SIMフリー 512GB 本体 DUAL SIM対応 OLED版 ダブルシム搭載可能【香港正規品/日本未発売】,208000,https://item.rakuten.co.jp/auc-u-king-r/ip11pro-512/
https://tshop.r10s.jp/mobilestation/cabinet/_045/1240001017590_1.jpg?fitin=275:275,【即日発送】 【新品・未使用】au iPhone11 128GB ホワイト 白ロム本体【送料無料】【スマホ専門販売店】,84980,https://item.rakuten.co.jp/mobilestation/1-240001017590/
https://tshop.r10s.jp/sokutei/cabinet/05716971/4549995128321.jpg?fitin=275:275,Apple iPhone SE 第二世代 iphonese 64GB SIMフリー アップル アイフォン スマートフォン[ブラック] 新品 未開封[ラッピング可],51000,https://item.rakuten.co.jp/sokutei/4549995128321/
https://tshop.r10s.jp/qualityspace/cabinet/compass1588925427.jpg?fitin=275:275,「新品 未使用品」白ロム SIMフリー iPhoneSE (第2世代) 64gb red レッド 赤ロム保証 [Apple/アップル][正規ロック解除済][MX9U2J/A][A2296],50800,https://item.rakuten.co.jp/qualityspace/se2-64gb-red-f/
https://tshop.r10s.jp/mistergadjets/cabinet/default/ap02701.jpg?fitin=275:275,SIMフリー Apple iPhone 11 Pro Max デュアルSIM 256GB LTE (緑) 香港スペック MWF42ZA/A 新品 スマホ 本体 1年保証,205170,https://item.rakuten.co.jp/mistergadjets/ap02701/
https://tshop.r10s.jp/best1mobile/cabinet/imgrc0086270511.jpg?fitin=275:275,【SIMフリー】【新品未開封】 iPhone 11 128GB イエロー　SIMロック解除済 白ロム 【全国送料無料】,91500,https://item.rakuten.co.jp/best1mobile/apple-iphone11-128-ye-unopened/
https://tshop.r10s.jp/dandystore/cabinet/c7rk51.jpg?fitin=275:275,[新品] Apple アップル 2020 新型 iPhone SE 64GB 未開封　SIMロック解除済 ブラック MX9R2J/A 4549995128321 第2世代,50750,https://item.rakuten.co.jp/dandystore/4549995128321m/
https://tshop.r10s.jp/qualityspace/cabinet/compass1585215559.jpg?fitin=275:275,「新品 未使用 白ロム」simフリー iPhone XS Max 512GB Space Gray MT6X2J/A [正規ロック解除済][Apple/アップル][アイフォン],99790,https://item.rakuten.co.jp/qualityspace/xsmax-512gb-gray-f/
https://tshop.r10s.jp/mobilestation/cabinet/_038/1240001016341_1-1.jpg?fitin=275:275,【即日発送】【新品本体のみ】SIMフリー iPhoneXs 256GB ゴールド 白ロム本体【送料無料】【スマホ専門販売店】,87980,https://item.rakuten.co.jp/mobilestation/1-240001016341/
https://tshop.r10s.jp/mobilestation/cabinet/_053/1240001018902_1.jpg?fitin=275:275,【即日発送】 【新品・未使用】SIMフリー iPhone SE 64GB 2020年モデル　ブラック 白ロム本体【送料無料】【スマホ専門販売店】,52980,https://item.rakuten.co.jp/mobilestation/1-240001018902/
https://tshop.r10s.jp/best1mobile/cabinet/top/iphone11green.jpg?fitin=275:275,【国内版SIMフリー】【新品・未開封】 iPhone 11 64GB グリーン　SIMロック解除済 白ロム スマホ　本体,84980,https://item.rakuten.co.jp/best1mobile/apple-iphone11-64-gn-1/
https://tshop.r10s.jp/dandystore/cabinet/13rk51.jpg?fitin=275:275,[新品] Apple iPhoneXR 64GB SIMロック解除済 黒　SIMフリー　SIMFREEE iPhoneブラック MT002J/A 未開封 4549995040500,61840,https://item.rakuten.co.jp/dandystore/4549995040500m/
https://tshop.r10s.jp/best1mobile/cabinet/imgrc0081113453.jpg?fitin=275:275,【SIMロック解除済】【新品・未使用品】iPhone SE 第2世代（2020年モデル） 64GB レッド SIMフリー 白ロム 【全国送料無料】【動作確認済】アイフォン　スマホ 本体,51480,https://item.rakuten.co.jp/best1mobile/apple-iphonese2-64-re/
https://tshop.r10s.jp/qualityspace/cabinet/compass1524301632.jpg?fitin=275:275,「新品 未開封品」SIMフリー Apple iPhone 8 plus 256gb Red レッド [正規simロック解除済][アップル][MRTM2J/A],69800,https://item.rakuten.co.jp/qualityspace/8p-256gb-red-f-0/
https://tshop.r10s.jp/mobilestation/cabinet/_053/1240001018932_1.jpg?fitin=275:275,【即日発送】 【新品・未使用】SIMフリー iPhone SE 128GB 2020年モデルブラック 白ロム本体【送料無料】【スマホ専門販売店】,58980,https://item.rakuten.co.jp/mobilestation/1-240001018932/
https://tshop.r10s.jp/mobaxfukuokahakata/cabinet/imgrc0074109909.jpg?fitin=275:275,iPhoneXS MAX 64GB 本体 SIMフリー Space Gray グレー 新品未開封 Apple アップル MT6Q2J/A A2102 白ロム 正規SIMロック解除済み 一括購入品 iPhone XSMAX,87500,https://item.rakuten.co.jp/mobaxfukuokahakata/iphonexsmax-64gb-gr-sim/
https://tshop.r10s.jp/e-cutestyle/cabinet/img027/p000000697520_1.jpg?fitin=275:275,★アップル / APPLE iPhone 11 64GB SIMフリー [グリーン] (SIMフリー) 【スマートフォン】【送料無料】,85920,https://item.rakuten.co.jp/e-cutestyle/p000000697520/
https://tshop.r10s.jp/qualityspace/cabinet/compass1566875152.jpg?fitin=275:275,「新品 未使用品 白ロム」SIMフリー iPhone8 64gb Spacegrey スペースグレー ※赤ロム永久保証 [送料無料][SIMロック解除済み][Apple/アップル][アイフォン][MQ782J/A][A1906],44500,https://item.rakuten.co.jp/qualityspace/8-64gb-spacegray-f/
https://tshop.r10s.jp/qualityspace/cabinet/compass1569657201.jpg?fitin=275:275,「新品 未開封品」SIMフリー iPhone11 128gb black ブラック ※赤ロム永久保証 [正規SIMロック解除][Apple/アップル][アイフォン][MWMO2J/A],91680,https://item.rakuten.co.jp/qualityspace/11-128gb-black-f-0/
https://tshop.r10s.jp/mobilestation/cabinet/_045/1240001010755_1-2.jpg?fitin=275:275,【即日発送】 【新品・未使用】SIMフリー iPhone6s 32GB ゴールド 白ロム本体【送料無料】【スマホ専門販売店】,30980,https://item.rakuten.co.jp/mobilestation/1-240001010755/
https://tshop.r10s.jp/qualityspace/cabinet/compass1566873491.jpg?fitin=275:275,「新品 未使用品 白ロム」SIMフリー iPhone8 64gb Silver シルバー ※赤ロム永久保証 [送料無料][SIMロック解除済み][Apple/アップル][アイフォン][MQ792J/A][A1906],44380,https://item.rakuten.co.jp/qualityspace/8-64gb-silver-f/
https://tshop.r10s.jp/mobilestation/cabinet/_054/1240001019066_1.jpg?fitin=275:275,【即日発送】【新品未開封・未使用】SIMフリー iPhone11 256GB ブラック 本体【送料無料】【スマホ専門販売店】,102980,https://item.rakuten.co.jp/mobilestation/1-240001019066/
https://tshop.r10s.jp/qualityspace/cabinet/compass1586512144.jpg?fitin=275:275,「新品 未開封品」SIMフリー iPhone XR 256GB Yellow ※赤ロム保証 [MT0Y2J/A][正規SIMロック解除済 ][Apple/アップル][アイフォン],72500,https://item.rakuten.co.jp/qualityspace/xr-256gb-yellow-f-0/
https://tshop.r10s.jp/qualityspace/cabinet/compass1566873491.jpg?fitin=275:275,「新品 未開封品」SIMフリー iPhone8 64gb Silver シルバー ※赤ロム保証[正規SIMロック解除済][Apple/アップル][アイフォン][MQ792J/A][A1906],46800,https://item.rakuten.co.jp/qualityspace/8-64gb-silver-f-0/
https://tshop.r10s.jp/japaemo/cabinet/iphone7_32gb/iphone7_32gb_.jpg?fitin=275:275,新品 未開封版 iPhone7 32GB SIMフリー 新品 端末 白ロム【ゴールド/ブラック/シルバー/ピンク】アイフォン 本体 楽天ランキング1位【レビューでワイヤレス充電器 贈呈】【あす楽対応】【送料無料※沖縄除く】これが本当のSSクラスアップル 正規保障1年付　当店のは未使用,45000,https://item.rakuten.co.jp/japaemo/iphone7-64/
https://tshop.r10s.jp/mobilestation/cabinet/_048/1240001018177_1.jpg?fitin=275:275,【即日発送】【新品本体のみ】SIMフリー iPhone8 256GB シルバー 白ロム本体【送料無料】【スマホ専門販売店】,50980,https://item.rakuten.co.jp/mobilestation/1-240001018177/
https://tshop.r10s.jp/qualityspace/cabinet/compass1585215559.jpg?fitin=275:275,「新品 未使用 白ロム」simフリー iPhone XS Max 64GB Space Gray MT6Q2J/A [正規ロック解除済][Apple/アップル][アイフォン],86500,https://item.rakuten.co.jp/qualityspace/xsmax-64gb-gray-f/
https://tshop.r10s.jp/mobilestation/cabinet/_042/1240001017130_1.jpg?fitin=275:275,【即日発送】 【新品・未使用】SIMフリー iPhoneXs Max 64GB シルバー 白ロム本体【送料無料】【スマホ専門販売店】,89980,https://item.rakuten.co.jp/mobilestation/1-240001017130/
https://tshop.r10s.jp/e-cutestyle/cabinet/img027/p000000697643_1.jpg?fitin=275:275,★アップル / APPLE iPhone 11 Pro 64GB SIMフリー [ゴールド] (SIMフリー) 【スマートフォン】【送料無料】,120420,https://item.rakuten.co.jp/e-cutestyle/p000000697643/
https://tshop.r10s.jp/mobilestation/cabinet/_047/1240001018138_1.jpg?fitin=275:275,【即日発送】【新品本体のみ】SIMフリー iPhone11 Pro 256GB シルバー 白ロム本体【送料無料】【スマホ専門販売店】,135980,https://item.rakuten.co.jp/mobilestation/1-240001018138/
https://tshop.r10s.jp/mobaxfukuokahakata/cabinet/imgrc0074269475.jpg?fitin=275:275,iPhoneXS MAX 512GB 本体 SIMフリー 新品未開封 Silver シルバー Apple アップル MT6Y2J/A A2102 白ロム SIMロック解除済み 一括購入品 iPhone XSMAX,102800,https://item.rakuten.co.jp/mobaxfukuokahakata/iphonexsmax-512gb-sv-sim/
https://tshop.r10s.jp/mobileshop1/cabinet/07674477/imgrc0082977713.jpg?fitin=275:275,【新品交換品】iphone8 simフリー 256GB silver 赤ロム永久保証,41800,https://item.rakuten.co.jp/mobileshop1/iphone8-silver-256/
https://tshop.r10s.jp/winkstore/cabinet/228500/228065.jpg?fitin=275:275,APPLE　スマートフォン(SIMフリー)　MNR92J/A iPhone 7 Plus 32GB SIMフリー [ブラック],42984,https://item.rakuten.co.jp/winkstore/228065/
https://tshop.r10s.jp/mobilestation/cabinet/_048/1240001018179_1.jpg?fitin=275:275,【即日発送】【新品本体のみ】SIMフリー iPhone11 Pro 256GB スペースグレイ 白ロム本体【送料無料】【スマホ専門販売店】,134980,https://item.rakuten.co.jp/mobilestation/1-240001018179/
https://tshop.r10s.jp/qualityspace/cabinet/compass1589887143.jpg?fitin=275:275,「新品 未使用品」白ロム SIMフリー iPhoneSE (第2世代) 64gb black ブラック [Apple/アップル][アイフォン][MX9R2J/A][A2296],50800,https://item.rakuten.co.jp/qualityspace/se2-64gb-black-f/
https://tshop.r10s.jp/auc-u-king-r/cabinet/02407167/ip11pro-64_1.jpg?fitin=275:275,iPhone 11 Pro SIMフリー 64GB 本体 DUAL SIM対応 OLED版 ダブルシム搭載可能【香港正規品/日本未発売】,168000,https://item.rakuten.co.jp/auc-u-king-r/ip11pro-64/
https://tshop.r10s.jp/dandystore/cabinet/imgrc0085703325.jpg?fitin=275:275,[新品] Apple アップル iPhone SE (第2世代) 256gb 黒　ブラック 未開封 Apple/アップル アイフォン MXVT2J/A 4549995137552,69600,https://item.rakuten.co.jp/dandystore/4549995137552m/
https://tshop.r10s.jp/newmon/cabinet/07486549/4549046087058-1.jpg?fitin=275:275,【新品】 ソニー Xperia1 64GB 802SO ハイレゾ対応 4K スマートフォン ブラック トリプルカメラ 対応防水・防塵対応 スマホ 本体 SONY Softbank SIMロック解除済み SIMフリー テレワーク 在宅勤務 在宅ワーク に,69800,https://item.rakuten.co.jp/newmon/10001232/
https://tshop.r10s.jp/d-rise/cabinet/img025/p000000697522_1.jpg?fitin=275:275,★アップル / APPLE iPhone 11 64GB SIMフリー [ブラック] (SIMフリー) 【スマートフォン】【送料無料】,90460,https://item.rakuten.co.jp/d-rise/p000000697522/
https://tshop.r10s.jp/qualityspace/cabinet/compass1544523005.jpg?fitin=275:275,「新品 未開封品」SIMフリー iPhone XR 64GB White ホワイト MT032J/A ※赤ロム保証 [正規SIMロック解除 ][Apple/アップル][アイフォン][A2106],63500,https://item.rakuten.co.jp/qualityspace/xr-64gb-white-f-0/
https://tshop.r10s.jp/qualityspace/cabinet/compass1543383512.jpg?fitin=275:275,「新品 未開封品 」SIMフリー iPhone XS Max 256GB Gold ゴールド MT6W2J/A [Apple/アップル][アイフォン],101600,https://item.rakuten.co.jp/qualityspace/xsmax-256gb-gold-f-0/
https://tshop.r10s.jp/e-cutestyle/cabinet/img027/p000000697763_1.jpg?fitin=275:275,★アップル / APPLE iPhone 11 Pro Max 64GB SIMフリー [ゴールド] (SIMフリー) 【スマートフォン】【送料無料】,134140,https://item.rakuten.co.jp/e-cutestyle/p000000697763/
https://tshop.r10s.jp/d-rise/cabinet/img025/p000000697422_1.jpg?fitin=275:275,★アップル / APPLE iPhone 11 128GB SIMフリー [ブラック] (SIMフリー) 【スマートフォン】【送料無料】,96560,https://item.rakuten.co.jp/d-rise/p000000697422/
https://tshop.r10s.jp/mobilestation/cabinet/_051/1240001017732_1-1.jpg?fitin=275:275,【即日発送】 【新品・未使用】SIMフリー iPhone11 Pro 64GB ゴールド 白ロム本体【送料無料】【スマホ専門販売店】,118980,https://item.rakuten.co.jp/mobilestation/1-240001017732/
https://tshop.r10s.jp/d-rise/cabinet/img026/p003000011793_1.jpg?fitin=275:275,★アップル / APPLE iPhone 11 128GB SIMフリー [ホワイト] (SIMフリー) [MWM22J/A] 【スマートフォン】【送料無料】,96560,https://item.rakuten.co.jp/d-rise/p003000011793/
https://tshop.r10s.jp/qualityspace/cabinet/compass1566875291.jpg?fitin=275:275,「新品 未使用品 白ロム」SIMフリー iPhone8 64gb Gold ゴールド ※赤ロム永久保証 [送料無料][SIMロック解除済み][Apple/アップル][アイフォン][MQ7A2J/A][A1906],46600,https://item.rakuten.co.jp/qualityspace/8-64gb-gold-f/
https://tshop.r10s.jp/qualityspace/cabinet/compass1566875291.jpg?fitin=275:275,「新品 未開封品」SIMフリー iPhone8 64gb Gold ゴールド ※赤ロム保証[正規SIMロック解除済][Apple/アップル][アイフォン][MQ7A2J/A][A1906],46800,https://item.rakuten.co.jp/qualityspace/8-64gb-gold-f-0/
https://tshop.r10s.jp/e-cutestyle/cabinet/img027/p000000697764_1.jpg?fitin=275:275,★アップル / APPLE iPhone 11 Pro Max 64GB SIMフリー [シルバー] (SIMフリー) 【スマートフォン】【送料無料】,134330,https://item.rakuten.co.jp/e-cutestyle/p000000697764/
https://tshop.r10s.jp/qualityspace/cabinet/compass1513682690.jpg?fitin=275:275,[新品 未使用品 白ロム] SIMフリー iPhone 6s 32gb rose gold ローズゴールド ※赤ロム保証 [Apple][UQmobileからSIMロック解除済み][MN122J/A][A1688],34500,https://item.rakuten.co.jp/qualityspace/uq-6s-32gb-rosegold-f/
https://tshop.r10s.jp/dandystore/cabinet/imgrc0085479838.jpg?fitin=275:275,[新品] Apple アップル iPhone SE (第2世代) 64gb 赤 未開封 Apple/アップル アイフォン MX9U2J/A 4549995128383,50700,https://item.rakuten.co.jp/dandystore/4549995128383m/
https://tshop.r10s.jp/d-rise/cabinet/img027/p000000697421_1.jpg?fitin=275:275,★アップル / APPLE iPhone 11 128GB SIMフリー [パープル] (SIMフリー) 【スマートフォン】【送料無料】,96560,https://item.rakuten.co.jp/d-rise/p000000697421/
https://tshop.r10s.jp/d-rise/cabinet/img027/p000000697646_1.jpg?fitin=275:275,★アップル / APPLE iPhone 11 Pro 64GB SIMフリー [ミッドナイトグリーン] (SIMフリー) [MWC62J/A] 【スマートフォン】【送料無料】,126800,https://item.rakuten.co.jp/d-rise/p000000697646/
https://tshop.r10s.jp/qualityspace/cabinet/compass1546356709.jpg?fitin=275:275,[新品 未使用品 ]SIMフリー iphone 6s 32gb silver シルバー ※赤ロム保証[送料無料][ymobile simロック解除][Apple/アップル][アイフォン][MN0W2J/A][A1688],34300,https://item.rakuten.co.jp/qualityspace/ymobile-6s-32gb-silver-f/
https://tshop.r10s.jp/mobaxfukuokahakata/cabinet/imgrc0074163573.jpg?fitin=275:275,iPhone 8 256GB 本体 SIMフリー 新品未開封 Red レッド 国内版 Appleストア正規品 MRT02J/A A1906 白ロム iPhone8,51800,https://item.rakuten.co.jp/mobaxfukuokahakata/iphone8-256gb-red/
https://tshop.r10s.jp/qualityspace/cabinet/compass1546356809.jpg?fitin=275:275,「新品 未使用品 白ロム」SIMフリー iphone 6s 32gb silver シルバー※赤ロム永久保証 [正規simロック解除済][Apple/アップル][アイフォン][MNOX2J/A],39800,https://item.rakuten.co.jp/qualityspace/6s-32gb-silver-f/
https://tshop.r10s.jp/youplan/cabinet/300019/100002259934_1.jpg?fitin=275:275,Apple スマートフォン iPhone 11 64GB SIMフリー [パープル] [キャリア：SIMフリー OS種類：iOS 13 販売時期：2019年秋モデル 画面サイズ：6.1インチ 内蔵メモリ：64GB] 【楽天】 【人気】 【売れ筋】【価格】,113190,https://item.rakuten.co.jp/youplan/100002259934/
https://tshop.r10s.jp/qualityspace/cabinet/compass1589801963.jpg?fitin=275:275,「新品 未使用品」白ロム SIMフリー iPhoneSE (第2世代) 128gb white ホワイト 赤ロム保証[Apple/アップル][正規ロック解除済][MXD12J/A][A2296],58100,https://item.rakuten.co.jp/qualityspace/se2-128gb-white-f/
https://tshop.r10s.jp/mobilestation/cabinet/_044/1240001017561_1.jpg?fitin=275:275,【即日発送】 【新品・未使用】SIMフリー iPhone11 256GB レッド 白ロム本体【送料無料】【スマホ専門販売店】,102980,https://item.rakuten.co.jp/mobilestation/1-240001017561/
https://tshop.r10s.jp/auc-u-king-r/cabinet/02407167/ip11max-256_1.jpg?fitin=275:275,iPhone 11 ProMax SIMフリー 256GB 本体 DUAL SIM対応 OLED版 ダブルシム搭載可能【香港正規品/日本未発売】,208000,https://item.rakuten.co.jp/auc-u-king-r/ip11max-256/
https://tshop.r10s.jp/mobilestation/cabinet/_050/1240001018378_1.jpg?fitin=275:275,【即日発送】 【新品・未使用】docomo iPhone6 Plus 128GB スペースグレイ 白ロム本体【送料無料】【スマホ専門販売店】,37980,https://item.rakuten.co.jp/mobilestation/1-240001018378/
https://tshop.r10s.jp/d-rise/cabinet/img027/p000000697643_1.jpg?fitin=275:275,★アップル / APPLE iPhone 11 Pro 64GB SIMフリー [ゴールド] (SIMフリー) 【スマートフォン】【送料無料】,126800,https://item.rakuten.co.jp/d-rise/p000000697643/
https://tshop.r10s.jp/auc-u-king-r/cabinet/02407167/ip11pro-256_1.jpg?fitin=275:275,iPhone 11 Pro SIMフリー 256GB 本体 DUAL SIM対応 OLED版 ダブルシム搭載可能【香港正規品/日本未発売】,188000,https://item.rakuten.co.jp/auc-u-king-r/ip11pro-256/
https://tshop.r10s.jp/qualityspace/cabinet/compass1551323319.jpg?fitin=275:275,「新品 未開封品」SIMフリー iPhone7 32gb ブラック Black ※赤ロム保証 [正規 SIMロック解除済][Apple/アップル][アイフォン][MNCE2J/A],33500,https://item.rakuten.co.jp/qualityspace/7-32gb-black-f-0/
https://tshop.r10s.jp/mobilestation/cabinet/_039/1240001014286_1.jpg?fitin=275:275,【即日発送】 【新品・未使用】SoftBank iPhone8 64GB スペースグレイ 白ロム本体【送料無料】【スマホ専門販売店】,43980,https://item.rakuten.co.jp/mobilestation/1-240001014286/
https://tshop.r10s.jp/e-cutestyle/cabinet/img027/p000000697519_1.jpg?fitin=275:275,★アップル / APPLE iPhone 11 64GB SIMフリー [イエロー] (SIMフリー) 【スマートフォン】【送料無料】,85920,https://item.rakuten.co.jp/e-cutestyle/p000000697519/
https://tshop.r10s.jp/qualityspace/cabinet/compass1569657201.jpg?fitin=275:275,「新品 未開封品 白ロム」SIMフリー iPhone11 64gb black ブラック ※赤ロム永久保証 [正規SIMロック解除][Apple/アップル][アイフォン][MWLT2J/A][apple care加入可能][メーカー保証1年],84900,https://item.rakuten.co.jp/qualityspace/11-64gb-black-f-0/
https://tshop.r10s.jp/qualityspace/cabinet/compass1583224728.jpg?fitin=275:275,「新品 未使用 白ロム」simフリー iPhone XS Max 256GB silver シルバー [MT6V2J/A] [正規ロック解除済][Apple/アップル][アイフォン],96800,https://item.rakuten.co.jp/qualityspace/xsmax-256gb-silver-f/
https://tshop.r10s.jp/qualityspace/cabinet/compass1551323319.jpg?fitin=275:275,「新品 未使用品」SIMフリー iPhone7 32gb ブラック Black ※赤ロム永久保証 [ymobileからSIMロック解除済み][Apple/アップル][アイフォン][MNCE2J/A]「A1779」,35800,https://item.rakuten.co.jp/qualityspace/ymo-7-32gb-black-f/
https://tshop.r10s.jp/mobilestation/cabinet/_053/1240001018837_1.jpg?fitin=275:275,【即日発送】 【新品・未使用】Ymobile iPhone7 128GB ゴールド 白ロム本体【送料無料】【スマホ専門販売店】,35980,https://item.rakuten.co.jp/mobilestation/1-240001018837/
https://tshop.r10s.jp/mobilestation/cabinet/_050/1240001018413_1.jpg?fitin=275:275,【即日発送】 【新品・未使用】SIMフリー iPhone SE 16GB ゴールド 海外版 白ロム本体【送料無料】【スマホ専門販売店】,30980,https://item.rakuten.co.jp/mobilestation/1-240001018413/
https://tshop.r10s.jp/newmon/cabinet/05760624/imgrc0070460312.jpg?fitin=275:275,【新品】 アップル iPhone7 国内モデル 32GB シルバー MNCF2J/A 格安SIM 対応 A1779 Softbank SIMロック解除済み SIMフリー テレワーク 在宅勤務 在宅ワーク に,31480,https://item.rakuten.co.jp/newmon/10001210/
https://tshop.r10s.jp/mobilestation/cabinet/_051/1240001017794_1-1.jpg?fitin=275:275,【即日発送】 【新品・未使用】SIMフリー iPhone11 Pro 512GBミッドナイトグリーン 白ロム本体【送料無料】【スマホ専門販売店】,147980,https://item.rakuten.co.jp/mobilestation/1-240001017794/
https://tshop.r10s.jp/digimart-shop/cabinet/others/ipx07_01.jpg?fitin=275:275,【エントリー＆楽天カード決済でポイント最大10倍】[8月1日 限定]【送料無料】アップル APPLE iPhone XS Max 64GB SIMフリー [スペースグレイ] MT6Q2J/A 国内正規品【新品】,129800,https://item.rakuten.co.jp/digimart-shop/ipx07/
https://tshop.r10s.jp/mobilestation/cabinet/_033/1240001015583_1.jpg?fitin=275:275,【即日発送】【新品本体のみ】SIMフリー iPhone8 256GB ゴールド 白ロム本体【送料無料】【スマホ専門販売店】,50980,https://item.rakuten.co.jp/mobilestation/1-240001015583/
https://tshop.r10s.jp/winkstore/cabinet/231000/230915.jpg?fitin=275:275,APPLE　スマートフォン(SIMフリー) MT6V2J/AiPhone XS Max 256GB SIMフリー [シルバー],102600,https://item.rakuten.co.jp/winkstore/230915/
https://tshop.r10s.jp/winkstore/cabinet/231000/230916.jpg?fitin=275:275,APPLE　スマートフォン(SIMフリー) MT6U2J/AiPhone XS Max 256GB SIMフリー [スペースグレイ],102600,https://item.rakuten.co.jp/winkstore/230916/
https://tshop.r10s.jp/mobilestation/cabinet/_055/1240001019153_1.jpg?fitin=275:275,【即日発送】【新品・未使用】SIMフリー iPhone8 Plus 256GB レッド 白ロム本体【送料無料】【スマホ専門販売店】,72980,https://item.rakuten.co.jp/mobilestation/1-240001019153/
https://tshop.r10s.jp/best1mobile/cabinet/imgrc0086270510.jpg?fitin=275:275,【SIMフリー】【新品未開封】 iPhone 11 128GB グリーン　SIMロック解除済 白ロム 【全国送料無料】,91800,https://item.rakuten.co.jp/best1mobile/apple-iphone11-128-gr-unopened/
https://tshop.r10s.jp/best1mobile/cabinet/imgrc0079087215.jpg?fitin=275:275,【SIMフリー】【新品未開封】 iPhone 11 128GB レッド　SIMロック解除済 白ロム 【全国送料無料】,91800,https://item.rakuten.co.jp/best1mobile/apple-iphone11-128-red-unopened/
https://tshop.r10s.jp/best1mobile/cabinet/imgrc0079087216.jpg?fitin=275:275,【SIMフリー】【新品未開封】 iPhone 11 128GB ブラック　SIMロック解除済 白ロム 【全国送料無料】,91800,https://item.rakuten.co.jp/best1mobile/apple-iphone11-128-bk-unopened/
https://tshop.r10s.jp/best1mobile/cabinet/imgrc0086270508.jpg?fitin=275:275,【SIMフリー】【新品未開封】 iPhone 11 128GB ホワイト　SIMロック解除済 白ロム 【全国送料無料】,91100,https://item.rakuten.co.jp/best1mobile/apple-iphone11-128-wh-unopened/
https://tshop.r10s.jp/takayama78/cabinet/t20200728/4200077940018.jpg?fitin=275:275,【Apple】【ネットワーク制限△】アップル『iPhone SE 第2世代 64GB ソフトバンクのみ ブラック』MX9R2J/A 2020年4月発売 スマートフォン 1週間保証【新品】b03e/h04N,54157,https://item.rakuten.co.jp/takayama78/4200077940018/
https://tshop.r10s.jp/dandystore/cabinet/imgrc0085479838.jpg?fitin=275:275,[新品] 未開封 Apple アップル iPhone SE (第2世代) 128gb 赤 SIMロック解除済　Apple/アップル アイフォン MXD22J/A 4549995128475,57500,https://item.rakuten.co.jp/dandystore/4549995128475m/
https://tshop.r10s.jp/dandystore/cabinet/imgrc0085884230.jpg?fitin=275:275,[新品]未開封 Apple アップル iPhone SE (第2世代) 128gb 黒　ブラック　SIMロック解除済　Black Apple/アップル アイフォン MXD02J/A 4549995128413,58390,https://item.rakuten.co.jp/dandystore/4549995128413m/
https://tshop.r10s.jp/dandystore/cabinet/imgrc0085724341.jpg?fitin=275:275,新品 未開封 SIMフリー SIMロック解除済 iPhone SE (第2世代) 本体 128gb iPhoneSE2　2020 白 white ホワイト Apple/アップル アイフォン MXD12J/A 4549995128444,58000,https://item.rakuten.co.jp/dandystore/4549995128444m/
https://tshop.r10s.jp/dandystore/cabinet/imgrc0085928217.jpg?fitin=275:275,[新品] Apple iPhoneXS Max 256GB SIMロック解除済 ゴールド gold MT6W2J/A 4549995041224,101500,https://item.rakuten.co.jp/dandystore/4549995041224m/
https://tshop.r10s.jp/best1mobile/cabinet/top/iphone11yellow.jpg?fitin=275:275,【国内版SIMフリー】【新品・未開封】 iPhone 11 64GB イエロー　SIMロック解除済 白ロム スマホ　本体,84980,https://item.rakuten.co.jp/best1mobile/apple-iphone11-64-yl-1/
https://tshop.r10s.jp/mobilestation/cabinet/_054/1240001019134_1.jpg?fitin=275:275,【即日発送】【新品未開封・未使用】SIMフリー iPhone11 Pro 512GB ゴールド 本体【送料無料】【スマホ専門販売店】,150980,https://item.rakuten.co.jp/mobilestation/1-240001019134/
https://tshop.r10s.jp/best1mobile/cabinet/imgrc0079087214.jpg?fitin=275:275,【国内版SIMフリー】【新品・未開封】 iPhone 11 64GB パープル　SIMロック解除済 白ロム スマホ　本体,84980,https://item.rakuten.co.jp/best1mobile/apple-iphone11-64-pu-1/
https://tshop.r10s.jp/mobileshop1/cabinet/07674477/imgrc0082976593.jpg?fitin=275:275,【新品交換品】iphone8 simフリー 256GB Gold 赤ロム永久保証,41800,https://item.rakuten.co.jp/mobileshop1/iphone8-gold-256/
https://tshop.r10s.jp/mobilestation/cabinet/_054/1240001019114_1.jpg?fitin=275:275,【即日発送】【新品本体のみ】docomo iPhone6 16GB シルバー 白ロム本体【送料無料】【スマホ専門販売店】,16980,https://item.rakuten.co.jp/mobilestation/1-240001019114/
https://tshop.r10s.jp/qualityspace/cabinet/compass1594980189.jpg?fitin=275:275,「新品 未開封品」simフリー apple iPhone11 pro Max 256gb silver シルバー [正規ロック解除済][Apple/アップル][MWHK2J/A][A2218],158000,https://item.rakuten.co.jp/qualityspace/11promax-256gb-silver-f-0/
https://tshop.r10s.jp/qualityspace/cabinet/compass1594980056.jpg?fitin=275:275,「新品 未開封品」simフリー apple iPhone11 pro Max 256gb space gray [正規ロック解除済][Apple/アップル][MWHJ2J/A][A2218],159000,https://item.rakuten.co.jp/qualityspace/11promax-256gb-gray-f-0/
https://tshop.r10s.jp/qualityspace/cabinet/compass1594978543.jpg?fitin=275:275,「新品 未開封品」simフリー apple iPhone11 pro Max 256gb Midnight Green [正規ロック解除済][Apple/アップル][MWHM2J/A][A2218],153500,https://item.rakuten.co.jp/qualityspace/11promax-256gb-green-f-0/
https://tshop.r10s.jp/mobilestation/cabinet/_054/1240001019092_1.jpg?fitin=275:275,【即日発送】【新品未開封・未使用】SIMフリー iPhone11 Pro 64GB ゴールド 本体【送料無料】【スマホ専門販売店】,120980,https://item.rakuten.co.jp/mobilestation/1-240001019092/
https://tshop.r10s.jp/qualityspace/cabinet/compass1545045716.jpg?fitin=275:275,「未開封」SIMフリー Apple iPhone XR 128GB YELLOW [FT0Q2J/A] [整備済品][Apple/アップル][アイフォン][A2106],70000,https://item.rakuten.co.jp/qualityspace/xr-128gb-yellow-f-seibi/
https://tshop.r10s.jp/mobilestation/cabinet/_054/1240001019067_1.jpg?fitin=275:275,【即日発送】【新品未開封・未使用】SIMフリー iPhone11 64GB イエロー 本体【送料無料】【スマホ専門販売店】,86980,https://item.rakuten.co.jp/mobilestation/1-240001019067/
https://tshop.r10s.jp/mobilestation/cabinet/_054/1240001019065_1.jpg?fitin=275:275,【即日発送】【新品未開封・未使用】SIMフリー iPhone11 128GB イエロー 本体【送料無料】【スマホ専門販売店】,91980,https://item.rakuten.co.jp/mobilestation/1-240001019065/
https://tshop.r10s.jp/mobilestation/cabinet/_054/1240001019072_1.jpg?fitin=275:275,【即日発送】【新品未開封・未使用】SIMフリー iPhone11 Pro 64GB スペースグレイ 本体【送料無料】【スマホ専門販売店】,120980,https://item.rakuten.co.jp/mobilestation/1-240001019072/
https://tshop.r10s.jp/mobilestation/cabinet/_054/1240001019064_1.jpg?fitin=275:275,【即日発送】【新品未開封・未使用】SIMフリー iPhone11 Pro 256GB ゴールド 本体【送料無料】【スマホ専門販売店】,138980,https://item.rakuten.co.jp/mobilestation/1-240001019064/
https://tshop.r10s.jp/mobilestation/cabinet/_054/1240001019062_1.jpg?fitin=275:275,【即日発送】【新品未開封・未使用】SIMフリー iPhone11 128GB グリーン 本体【送料無料】【スマホ専門販売店】,91980,https://item.rakuten.co.jp/mobilestation/1-240001019062/
https://tshop.r10s.jp/mobilestation/cabinet/_054/1240001019074_1.jpg?fitin=275:275,【即日発送】【新品未開封・未使用】SIMフリー iPhone11 Pro 256GB スペースグレイ 本体【送料無料】【スマホ専門販売店】,138980,https://item.rakuten.co.jp/mobilestation/1-240001019074/
https://tshop.r10s.jp/mobilestation/cabinet/_054/1240001019070_1.jpg?fitin=275:275,【即日発送】【新品未開封・未使用】SIMフリー iPhone11 Pro 256GBミッドナイトグリーン 本体【送料無料】【スマホ専門販売店】,138980,https://item.rakuten.co.jp/mobilestation/1-240001019070/
https://tshop.r10s.jp/mobilestation/cabinet/_054/1240001019063_1.jpg?fitin=275:275,【即日発送】【新品未開封・未使用】SIMフリー iPhone11 Pro 64GB グリーン 本体【送料無料】【スマホ専門販売店】,120980,https://item.rakuten.co.jp/mobilestation/1-240001019063/
https://tshop.r10s.jp/gnet8/cabinet/mncf2ja.jpg?fitin=275:275,【新品】Apple iPhone 7 32GB MNCF2J/A,36570,https://item.rakuten.co.jp/gnet8/mncf2ja/
https://tshop.r10s.jp/gnet8/cabinet/mg492ja.jpg?fitin=275:275,【新品】APPLE iPhone 6 16GB ソフトバンク MG492J/A MG492JA [ゴールド],22770,https://item.rakuten.co.jp/gnet8/mg492ja/
https://tshop.r10s.jp/mobilestation/cabinet/_054/1240001019076_1.jpg?fitin=275:275,【即日発送】【新品本体のみ】au iPhone6 64GB シルバー 白ロム本体【送料無料】【スマホ専門販売店】,19980,https://item.rakuten.co.jp/mobilestation/1-240001019076/
https://tshop.r10s.jp/qualityspace/cabinet/compass1573877130.jpg?fitin=275:275,「新品 未開封品」simフリー iPhone11 64gb purple パープル ※赤ロム保証 [正規SIMロック解除][Apple/アイフォン]][[MWLX2J/A][A2221],84900,https://item.rakuten.co.jp/qualityspace/11-64gb-purple-f-0/
https://tshop.r10s.jp/mobaxfukuokahakata/cabinet/imgrc0073441017.jpg?fitin=275:275,iPhoneXS MAX 256GB 本体 SIMフリー Silver シルバー 新品未開封 国内版 Appleストア正規品 MT6V2J/A A2102 白ロム iPhone XSMAX,99800,https://item.rakuten.co.jp/mobaxfukuokahakata/iphonexsmax-256gb-sv-sim/
https://tshop.r10s.jp/mobaxfukuokahakata/cabinet/06738021/bgbgbgbgb.jpg?fitin=275:275,iPhoneXS MAX 256GB 本体 SIMフリー 新品未開封 ゴールド Appleストア正規品 Gold MT6W2J/A A2102 本体,101800,https://item.rakuten.co.jp/mobaxfukuokahakata/iphonexs-max-256gb-go/
https://tshop.r10s.jp/qualityspace/cabinet/compass1551323331.jpg?fitin=275:275,「新品 未開封品」SIMフリー iPhone7 32gb ローズゴールド RosdGold ※赤ロム保証 [正規 SIMロック解除済][Apple/アップル][アイフォン][MNCJ2J/A][A1779],42800,https://item.rakuten.co.jp/qualityspace/7-32gb-rosegold-f-0/
https://tshop.r10s.jp/qualityspace/cabinet/compass1582883244.jpg?fitin=275:275,「新品 未開封品」 SIMフリー iPhone7 32gb JetBlack ※赤ロム保証 [正規 SIMロック解除済][Apple/アップル][アイフォン][MQTY2J/A],31800,https://item.rakuten.co.jp/qualityspace/7-32gb-jetblack-f-0/
https://tshop.r10s.jp/qualityspace/cabinet/compass1583224728.jpg?fitin=275:275,「新品 未開封品」simフリー iPhone XS Max 64GB silver シルバー MT6R2J/A ※赤ロム保証 [正規ロック解除済][Apple/アップル][アイフォン],88000,https://item.rakuten.co.jp/qualityspace/xsmax-64gb-silver-f-0/
https://tshop.r10s.jp/qualityspace/cabinet/compass1543383512.jpg?fitin=275:275,「新品 未開封品」simフリー iPhone XS Max 64GB Gold ゴールド ※赤ロム保証 [MT6T2J/A] [正規 simロック解除済][Apple/アップル][アイフォン],92000,https://item.rakuten.co.jp/qualityspace/xsmax-64gb-gold-f-0/
https://tshop.r10s.jp/qualityspace/cabinet/compass1585215559.jpg?fitin=275:275,「新品 未開封品」simフリー iPhone XS Max 64GB Space Gray MT6Q2J/A ※赤ロム保証 [正規ロック解除済][Apple/アップル][アイフォン],88000,https://item.rakuten.co.jp/qualityspace/xsmax-64gb-gray-f-0/
https://tshop.r10s.jp/qualityspace/cabinet/compass1583224728.jpg?fitin=275:275,「新品 未開封品」simフリー iPhone XS Max 512GB silver シルバー MT6Y2J/A ※赤ロム保証[正規ロック解除済][Apple/アップル][アイフォン],102700,https://item.rakuten.co.jp/qualityspace/xsmax-512gb-silver-f-0/
https://tshop.r10s.jp/mobaxfukuokahakata/cabinet/06738765/55.jpg?fitin=275:275,iPhone Xs 512GB 本体 SIMフリー 新品未開封 Gold ゴールド Apple アップル MTE52J/A A2098 白ロム 一括購入品 〇判定 正規SIMロック解除済み,91800,https://item.rakuten.co.jp/mobaxfukuokahakata/iphonexs-512gb-go/
https://tshop.r10s.jp/mobaxfukuokahakata/cabinet/06738021/vvvvvvcv.jpg?fitin=275:275,iPhoneXS MAX 512GB 本体 SIMフリー スペースグレー 新品未開封 Apple 正規SIMロック解除済 Gray MT6X2J/A A2102 一括購入品 白ロム,99780,https://item.rakuten.co.jp/mobaxfukuokahakata/iphonexs-max-512gb-gr/
https://tshop.r10s.jp/mistergadjets/cabinet/default/ap03068.jpg?fitin=275:275,SIMフリー Apple iPhone SE 2020 Single Sim + e-SIM 256GB 黒 香港スペック MXVT2ZP/A 新品 スマホ本体 1年保証,94185,https://item.rakuten.co.jp/mistergadjets/ap03068/
https://tshop.r10s.jp/mobaxfukuokahakata/cabinet/imgrc0073441017.jpg?fitin=275:275,iPhoneXS MAX 64GB 本体 SIMフリー Silver シルバー 新品未開封 Apple アップル MT6R2J/A A2102 白ロム 正規SIMロック解除済み 一括購入品 iPhone XSMAX,87800,https://item.rakuten.co.jp/mobaxfukuokahakata/iphonexsmax-64gb-sv-sim/
https://tshop.r10s.jp/qualityspace/cabinet/compass1570611693.jpg?fitin=275:275,「新品 未開封品」SIMフリー iPhone11 64gb White ホワイト ※赤ロム永久保証 [ SIMロック解除][Apple/アップル][アイフォン][MWLU2J/A],84900,https://item.rakuten.co.jp/qualityspace/11-64gb-white-f-0/
https://tshop.r10s.jp/mistergadjets/cabinet/default/ap02695.jpg?fitin=275:275,SIMフリー Apple iPhone 11 Pro Max デュアルSIM 64GB LTE (シルバー) 香港スペック MWEW2ZA/A 新品 スマホ 本体 1年保証,177135,https://item.rakuten.co.jp/mistergadjets/ap02695/
https://tshop.r10s.jp/mistergadjets/cabinet/default/ap02683.jpg?fitin=275:275,SIMフリー Apple iPhone 11 Pro デュアルSIM 64GB LTE (シルバー) 香港スペック MWDA2ZA/A 新品 スマホ 本体 1年保証,157290,https://item.rakuten.co.jp/mistergadjets/ap02683/
https://tshop.r10s.jp/mistergadjets/cabinet/default/ap02693.jpg?fitin=275:275,SIMフリー Apple iPhone 11 Pro デュアルSIM 512GB LTE (緑) 香港スペック MWDM2ZA/A 新品 スマホ 本体 1年保証,203280,https://item.rakuten.co.jp/mistergadjets/ap02693/
https://tshop.r10s.jp/mistergadjets/cabinet/default/ap02699.jpg?fitin=275:275,SIMフリー Apple iPhone 11 Pro Max デュアルSIM 256GB LTE (シルバー) 香港スペック MWF22ZA/A 新品 スマホ 本体 1年保証,202650,https://item.rakuten.co.jp/mistergadjets/ap02699/
https://tshop.r10s.jp/mistergadjets/cabinet/default/ap02697.jpg?fitin=275:275,SIMフリー Apple iPhone 11 Pro Max デュアルSIM 64GB LTE (緑) 香港スペック MWF02ZA/A 新品 スマホ 本体 1年保証,178500,https://item.rakuten.co.jp/mistergadjets/ap02697/
https://tshop.r10s.jp/mistergadjets/cabinet/default/ap02690.jpg?fitin=275:275,SIMフリー Apple iPhone 11 Pro デュアルSIM 512GB LTE (スペースグレー) 香港スペック MWDJ2ZA/A 新品 スマホ 本体 1年保証,194460,https://item.rakuten.co.jp/mistergadjets/ap02690/
https://tshop.r10s.jp/mistergadjets/cabinet/default/ap02683.jpg?fitin=275:275,SIMフリー Apple iPhone 11 Pro デュアルSIM 64GB LTE (シルバー) 香港スペック MWDA2ZA/A 新品 スマホ 本体 1年保証,157290,https://item.rakuten.co.jp/mistergadjets/ap02683/
https://tshop.r10s.jp/mistergadjets/cabinet/default/ap02700.jpg?fitin=275:275,SIMフリー Apple iPhone 11 Pro Max デュアルSIM 256GB LTE (ゴールド) 香港スペック MWF32ZA/A 新品 スマホ 本体 1年保証,200655,https://item.rakuten.co.jp/mistergadjets/ap02700/
https://tshop.r10s.jp/mistergadjets/cabinet/default/ap02682.jpg?fitin=275:275,SIMフリー Apple iPhone 11 Pro デュアルSIM 64GB LTE (スペースグレイ) 香港スペック MWD92ZA/A 新品 スマホ 本体 1年保証,164640,https://item.rakuten.co.jp/mistergadjets/ap02682/
https://tshop.r10s.jp/mistergadjets/cabinet/default/ap02705.jpg?fitin=275:275,SIMフリー Apple iPhone 11 Pro Max デュアルSIM 512GB LTE (緑) 香港スペック MWF82ZA/A 新品 スマホ 本体 1年保証,240765,https://item.rakuten.co.jp/mistergadjets/ap02705/
https://tshop.r10s.jp/mistergadjets/cabinet/default/ap02684.jpg?fitin=275:275,SIMフリー Apple iPhone 11 Pro デュアルSIM 64GB LTE (ゴールド) 香港スペック MWDC2ZA/A 新品 スマホ 本体 1年保証,158970,https://item.rakuten.co.jp/mistergadjets/ap02684/
https://tshop.r10s.jp/mistergadjets/cabinet/default/ap02689.jpg?fitin=275:275,SIMフリー Apple iPhone 11 Pro デュアルSIM 256GB LTE (緑) 香港スペック MWDH2ZA/A 新品 スマホ 本体 1年保証,190260,https://item.rakuten.co.jp/mistergadjets/ap02689/
https://tshop.r10s.jp/mistergadjets/cabinet/default/ap02691.jpg?fitin=275:275,SIMフリー Apple iPhone 11 Pro デュアルSIM 512GB LTE (シルバー) 香港スペック MWDK2ZA/A 新品 スマホ 本体 1年保証,197925,https://item.rakuten.co.jp/mistergadjets/ap02691/
https://tshop.r10s.jp/mistergadjets/cabinet/default/ap02703.jpg?fitin=275:275,SIMフリー Apple iPhone 11 Pro Max デュアルSIM 512GB LTE (シルバー) 香港スペック MWF62ZA/A 新品 スマホ 本体 1年保証,237930,https://item.rakuten.co.jp/mistergadjets/ap02703/
https://tshop.r10s.jp/mistergadjets/cabinet/default/ap02696.jpg?fitin=275:275,SIMフリー Apple iPhone 11 Pro Max デュアルSIM 64GB LTE (ゴールド) 香港スペック MWEX2ZA/A 新品 スマホ 本体 1年保証,182595,https://item.rakuten.co.jp/mistergadjets/ap02696/
https://tshop.r10s.jp/mistergadjets/cabinet/default/ap02669.jpg?fitin=275:275,SIMフリー Apple iPhone 11 デュアルSIM 64GB LTE (赤) 香港スペック MWN22ZA/A 新品 スマホ 本体 1年保証,122430,https://item.rakuten.co.jp/mistergadjets/ap02669/
https://tshop.r10s.jp/mistergadjets/cabinet/default/ap02694.jpg?fitin=275:275,SIMフリー Apple iPhone 11 Pro Max デュアルSIM 64GB LTE (スペースグレー) 香港スペック MWEV2ZA/A 新品 スマホ 本体 1年保証,172620,https://item.rakuten.co.jp/mistergadjets/ap02694/
https://tshop.r10s.jp/mistergadjets/cabinet/default/ap02678.jpg?fitin=275:275,SIMフリー Apple iPhone 11 デュアルSIM 256GB LTE (イエロー) 香港スペック MWNJ2ZA/A 新品 スマホ 本体 1年保証,136290,https://item.rakuten.co.jp/mistergadjets/ap02678/
https://tshop.r10s.jp/dandystore/cabinet/imgrc0085479838.jpg?fitin=275:275,[新品]開封済み Apple アップル iPhone SE (第2世代) 64gb 赤 Apple/アップル アイフォン MX9U2J/A 4549995128383,49700,https://item.rakuten.co.jp/dandystore/4549995128383/
https://tshop.r10s.jp/qualityspace/cabinet/compass1569657576.jpg?fitin=275:275,「新品 未開封品 」SIMフリー iPhone11 64gb red レッド (PRODUCT) ※赤ロム保証 [正規SIMロック解除][Apple/アイフォン][MWLV2J/A][A2221][simfree],84900,https://item.rakuten.co.jp/qualityspace/11-64gb-red-f-0/
https://tshop.r10s.jp/mistergadjets/cabinet/default/ap03063.jpg?fitin=275:275,SIMフリー Apple iPhone SE 2020 Single Sim + e-SIM 64GB 白 香港スペック MX9T2ZP/A 新品 スマホ本体 1年保証,71295,https://item.rakuten.co.jp/mistergadjets/ap03063/
https://tshop.r10s.jp/mistergadjets/cabinet/default/ap03062.jpg?fitin=275:275,SIMフリー Apple iPhone SE 2020 Single Sim + e-SIM 64GB 黒 香港スペック MX9R2ZP/A 新品 スマホ本体 1年保証,71400,https://item.rakuten.co.jp/mistergadjets/ap03062/
https://tshop.r10s.jp/mistergadjets/cabinet/default/ap03064.jpg?fitin=275:275,SIMフリー Apple iPhone SE 2020 Single Sim + e-SIM 64GB 赤 香港スペック MX9U2ZP/A 新品 スマホ本体 1年保証,72555,https://item.rakuten.co.jp/mistergadjets/ap03064/
https://tshop.r10s.jp/qualityspace/cabinet/compass1592999197.jpg?fitin=275:275,「新品 未開封品」SIMフリー iPhone XR 64GB Black ブラック MT002J/A ※赤ロム保証 [正規SIMロック解除 ][Apple/アップル][アイフォン][A2106],62960,https://item.rakuten.co.jp/qualityspace/xr-64gb-black-f-0/
https://tshop.r10s.jp/qualityspace/cabinet/compass1488182462.jpg?fitin=275:275,「新品・未開封品」Apple simフリー iphone 7 128gb ジェトブラック JetBlack ※赤ロム保証 [Apple/アップル][正規simロック解除済][MNCP2J/A],40300,https://item.rakuten.co.jp/qualityspace/7-128gb-jetblack-f-0/
https://tshop.r10s.jp/newmon/cabinet/05760624/imgrc0068585875.jpg?fitin=275:275,アップル iPhone7 SIMフリー モデル 32GB ブラック 整備済み品 格安SIM 対応 A1778 テレワーク 在宅勤務 在宅ワーク に,23800,https://item.rakuten.co.jp/newmon/10000506/
https://tshop.r10s.jp/plex/cabinet/02072677/imgrc0073260318.jpg?fitin=275:275,アップル iPhone7 SIMフリー 版 32GB ブラック 整備済品 スマホ スマートフォン 本体 Apple,29800,https://item.rakuten.co.jp/plex/10013869/
https://tshop.r10s.jp/mistergadjets/cabinet/default/ap02688.jpg?fitin=275:275,SIMフリー Apple iPhone 11 Pro デュアルSIM 256GB LTE (ゴールド) 香港スペック MWDG2ZA/A 新品 スマホ 本体 1年保証,190050,https://item.rakuten.co.jp/mistergadjets/ap02688/
https://tshop.r10s.jp/mistergadjets/cabinet/default/ap02687.jpg?fitin=275:275,SIMフリー Apple iPhone 11 Pro デュアルSIM 256GB LTE (シルバー) 香港スペック MWDF2ZA/A 新品 スマホ 本体 1年保証,193725,https://item.rakuten.co.jp/mistergadjets/ap02687/
https://tshop.r10s.jp/mistergadjets/cabinet/default/ap03067.jpg?fitin=275:275,SIMフリー Apple iPhone SE 2020 Single Sim + e-SIM 128GB 赤 香港スペック MXD22ZP/A 新品 スマホ本体 1年保証,78015,https://item.rakuten.co.jp/mistergadjets/ap03067/
https://tshop.r10s.jp/mistergadjets/cabinet/default/ap03065.jpg?fitin=275:275,SIMフリー Apple iPhone SE 2020 Single Sim + e-SIM 128GB 黒 香港スペック MXD02ZP/A 新品 スマホ本体 1年保証,78120,https://item.rakuten.co.jp/mistergadjets/ap03065/
https://tshop.r10s.jp/mistergadjets/cabinet/default/ap03070.jpg?fitin=275:275,SIMフリー Apple iPhone SE 2020 Single Sim + e-SIM 256GB 赤 香港スペック MXVV2ZP/A 新品 スマホ本体 1年保証,94185,https://item.rakuten.co.jp/mistergadjets/ap03070/
https://tshop.r10s.jp/qualityspace/cabinet/compass1551323346.jpg?fitin=275:275,「新品 未開封 白ロム」SIMフリー iPhone7 32gb シルバー Silver ※赤ロム永久保証 [正規 SIMロック解除済み][Apple/アップル][アイフォン][MNCF2J/A][A1779]メーカー保証1年,31500,https://item.rakuten.co.jp/qualityspace/7-32gb-silver-f-0/
https://tshop.r10s.jp/qualityspace/cabinet/compass1566875152.jpg?fitin=275:275,「新品 未開封品」SIMフリー iPhone8 64gb Spacegrey スペースグレー ※赤ロム保証 [正規SIMロック解除済][Apple/アップル][アイフォン][MQ782J/A][A1906],46800,https://item.rakuten.co.jp/qualityspace/8-64gb-gray-f-0/
https://tshop.r10s.jp/mistergadjets/cabinet/default/ap03069.jpg?fitin=275:275,SIMフリー Apple iPhone SE 2020 Single Sim + e-SIM 256GB 白 香港スペック MXVU2ZP/A 新品 スマホ本体 1年保証,94185,https://item.rakuten.co.jp/mistergadjets/ap03069/
https://tshop.r10s.jp/youplan/cabinet/300019/100002259935_1.jpg?fitin=275:275,【ポイント5倍】Apple スマートフォン iPhone 11 64GB SIMフリー [イエロー] [キャリア：SIMフリー OS種類：iOS 13 販売時期：2019年秋モデル 画面サイズ：6.1インチ 内蔵メモリ：64GB] 【楽天】 【人気】 【売れ筋】【価格】,125730,https://item.rakuten.co.jp/youplan/100002259935-5/
https://tshop.r10s.jp/youplan/cabinet/300019/100002259935_1.jpg?fitin=275:275,Apple スマートフォン iPhone 11 64GB SIMフリー [イエロー] [キャリア：SIMフリー OS種類：iOS 13 販売時期：2019年秋モデル 画面サイズ：6.1インチ 内蔵メモリ：64GB] 【楽天】 【人気】 【売れ筋】【価格】,113190,https://item.rakuten.co.jp/youplan/100002259935/
https://tshop.r10s.jp/biccamera/cabinet/product/5604/00000008112557_a01.jpg?fitin=275:275,ROA　ロア All-in-1 for Apple 10000mAh 無線モバイルバッテリー AirAlly（エアーアリー） 専用 スタンド ホワイト,1320,https://item.rakuten.co.jp/biccamera/4589753076808/
https://tshop.r10s.jp/youplan/cabinet/300019/100002259936_1.jpg?fitin=275:275,Apple スマートフォン iPhone 11 64GB SIMフリー [グリーン] [キャリア：SIMフリー OS種類：iOS 13 販売時期：2019年秋モデル 画面サイズ：6.1インチ 内蔵メモリ：64GB] 【楽天】 【人気】 【売れ筋】【価格】,113190,https://item.rakuten.co.jp/youplan/100002259936/
https://tshop.r10s.jp/youplan/cabinet/300019/100002259936_1.jpg?fitin=275:275,Apple スマートフォン iPhone 11 64GB SIMフリー [グリーン] [キャリア：SIMフリー OS種類：iOS 13 販売時期：2019年秋モデル 画面サイズ：6.1インチ 内蔵メモリ：64GB] 【楽天】 【人気】 【売れ筋】【価格】,113190,https://item.rakuten.co.jp/youplan/100002259936/
https://tshop.r10s.jp/youplan/cabinet/300019/100002259934_1.jpg?fitin=275:275,【ポイント5倍】Apple スマートフォン iPhone 11 64GB SIMフリー [パープル] [キャリア：SIMフリー OS種類：iOS 13 販売時期：2019年秋モデル 画面サイズ：6.1インチ 内蔵メモリ：64GB] 【楽天】 【人気】 【売れ筋】【価格】,125730,https://item.rakuten.co.jp/youplan/100002259934-5/
https://tshop.r10s.jp/youplan/cabinet/300019/100002259932_1.jpg?fitin=275:275,【ポイント5倍】Apple スマートフォン iPhone 11 64GB SIMフリー [ホワイト] [キャリア：SIMフリー OS種類：iOS 13 販売時期：2019年秋モデル 画面サイズ：6.1インチ 内蔵メモリ：64GB] 【楽天】 【人気】 【売れ筋】【価格】,125620,https://item.rakuten.co.jp/youplan/100002259932-5/
https://tshop.r10s.jp/youplan/cabinet/300019/100002259932_1.jpg?fitin=275:275,Apple スマートフォン iPhone 11 64GB SIMフリー [ホワイト] [キャリア：SIMフリー OS種類：iOS 13 販売時期：2019年秋モデル 画面サイズ：6.1インチ 内蔵メモリ：64GB] 【楽天】 【人気】 【売れ筋】【価格】,113080,https://item.rakuten.co.jp/youplan/100002259932/
https://tshop.r10s.jp/youplan/cabinet/300019/100002259933_1.jpg?fitin=275:275,【ポイント5倍】Apple スマートフォン iPhone 11 (PRODUCT)RED 64GB SIMフリー [レッド] [キャリア：SIMフリー OS種類：iOS 13 販売時期：2019年秋モデル 画面サイズ：6.1インチ 内蔵メモリ：64GB] 【楽天】 【人気】 【売れ筋】【価格】,125730,https://item.rakuten.co.jp/youplan/100002259933-5/
https://tshop.r10s.jp/youplan/cabinet/300019/100002259933_1.jpg?fitin=275:275,Apple スマートフォン iPhone 11 (PRODUCT)RED 64GB SIMフリー [レッド] [キャリア：SIMフリー OS種類：iOS 13 販売時期：2019年秋モデル 画面サイズ：6.1インチ 内蔵メモリ：64GB] 【楽天】 【人気】 【売れ筋】【価格】,113190,https://item.rakuten.co.jp/youplan/100002259933/
https://tshop.r10s.jp/youplan/cabinet/300017/100002259937_1.jpg?fitin=275:275,【ポイント5倍】Apple スマートフォン iPhone 11 64GB SIMフリー [ブラック] [キャリア：SIMフリー OS種類：iOS 13 販売時期：2019年秋モデル 画面サイズ：6.1インチ 内蔵メモリ：64GB] 【楽天】 【人気】 【売れ筋】【価格】,125730,https://item.rakuten.co.jp/youplan/100002259937-5/
https://tshop.r10s.jp/youplan/cabinet/300017/100002259937_1.jpg?fitin=275:275,Apple スマートフォン iPhone 11 64GB SIMフリー [ブラック] [キャリア：SIMフリー OS種類：iOS 13 販売時期：2019年秋モデル 画面サイズ：6.1インチ 内蔵メモリ：64GB] 【楽天】 【人気】 【売れ筋】【価格】,113190,https://item.rakuten.co.jp/youplan/100002259937/
https://tshop.r10s.jp/d-rise/cabinet/img027/p000000697519_1.jpg?fitin=275:275,★アップル / APPLE iPhone 11 64GB SIMフリー [イエロー] (SIMフリー) 【スマートフォン】【送料無料】,90460,https://item.rakuten.co.jp/d-rise/p000000697519/
https://tshop.r10s.jp/newmon/cabinet/07486549/4549046087072-1.jpg?fitin=275:275,【新品】 ソニー Xperia1 64GB 802SO ハイレゾ対応 4K スマートフォン パープル トリプルカメラ 対応防水・防塵対応 スマホ 本体 SONY Softbank SIMロック解除済み SIMフリー テレワーク 在宅勤務 在宅ワーク に,69800,https://item.rakuten.co.jp/newmon/10001233/
https://tshop.r10s.jp/d-rise/cabinet/img027/p000000697365_1.jpg?fitin=275:275,★アップル / APPLE iPhone 11 RED 128GB SIMフリー [レッド] (SIMフリー) 【スマートフォン】【送料無料】,96560,https://item.rakuten.co.jp/d-rise/p000000697365/
https://tshop.r10s.jp/d-rise/cabinet/img027/p000000697420_1.jpg?fitin=275:275,★アップル / APPLE iPhone 11 128GB SIMフリー [グリーン] (SIMフリー) 【スマートフォン】【送料無料】,96560,https://item.rakuten.co.jp/d-rise/p000000697420/
https://tshop.r10s.jp/d-rise/cabinet/img027/p000000697645_1.jpg?fitin=275:275,★アップル / APPLE iPhone 11 Pro 64GB SIMフリー [スペースグレイ] (SIMフリー) 【スマートフォン】【送料無料】,126800,https://item.rakuten.co.jp/d-rise/p000000697645/
https://tshop.r10s.jp/d-rise/cabinet/img027/p000000697566_1.jpg?fitin=275:275,★アップル / APPLE iPhone 11 Pro 256GB SIMフリー [ミッドナイトグリーン] (SIMフリー) 【スマートフォン】【送料無料】,146690,https://item.rakuten.co.jp/d-rise/p000000697566/
https://tshop.r10s.jp/d-rise/cabinet/img027/p000000697564_1.jpg?fitin=275:275,★アップル / APPLE iPhone 11 Pro 256GB SIMフリー [シルバー] (SIMフリー) 【スマートフォン】【送料無料】,149620,https://item.rakuten.co.jp/d-rise/p000000697564/
https://tshop.r10s.jp/e-cutestyle/cabinet/img027/p000000697564_1.jpg?fitin=275:275,★アップル / APPLE iPhone 11 Pro 256GB SIMフリー [シルバー] (SIMフリー) 【スマートフォン】【送料無料】,142090,https://item.rakuten.co.jp/e-cutestyle/p000000697564/
https://tshop.r10s.jp/d-rise/cabinet/img027/p000000697684_1.jpg?fitin=275:275,★アップル / APPLE iPhone 11 Pro Max 256GB SIMフリー [シルバー] (SIMフリー) 【スマートフォン】【送料無料】,158400,https://item.rakuten.co.jp/d-rise/p000000697684/
https://tshop.r10s.jp/d-rise/cabinet/img027/p000000697766_1.jpg?fitin=275:275,★アップル / APPLE iPhone 11 Pro Max 64GB SIMフリー [ミッドナイトグリーン] (SIMフリー) 【スマートフォン】【送料無料】,140120,https://item.rakuten.co.jp/d-rise/p000000697766/
https://tshop.r10s.jp/d-rise/cabinet/img027/p000000697765_1.jpg?fitin=275:275,★アップル / APPLE iPhone 11 Pro Max 64GB SIMフリー [スペースグレイ] (SIMフリー) 【スマートフォン】【送料無料】,140120,https://item.rakuten.co.jp/d-rise/p000000697765/
https://tshop.r10s.jp/d-rise/cabinet/img027/p000000697520_1.jpg?fitin=275:275,★アップル / APPLE iPhone 11 64GB SIMフリー [グリーン] (SIMフリー) 【スマートフォン】【送料無料】,90460,https://item.rakuten.co.jp/d-rise/p000000697520/
https://tshop.r10s.jp/qualityspace/cabinet/compass1582883244.jpg?fitin=275:275,「新品 未使用品 白ロム 」 SIMフリー iPhone7 32gb JetBlack ※赤ロム永久保証 [正規 SIMロック解除済][Apple/アップル][アイフォン][MQTY2J/A],31800,https://item.rakuten.co.jp/qualityspace/7-32gb-jetblack-f/
https://tshop.r10s.jp/qualityspace/cabinet/compass1551323373.jpg?fitin=275:275,「新品 未使用品 白ロム」SIMフリー iPhone7 32gb ゴールド Gold ※赤ロム永久保証 [正規 SIMロック解除済み][Apple/アップル][アイフォン][MNCG2J/A][A1779」,41000,https://item.rakuten.co.jp/qualityspace/7-32gb-gold-f/
https://tshop.r10s.jp/qualityspace/cabinet/compass1551323319.jpg?fitin=275:275,「新品 未使用品 白ロム」SIMフリー iPhone7 32gb ブラック Black ※赤ロム永久保証 [正規 SIMロック解除済][Apple/アップル][アイフォン][MNCE2J/A]「A1779」,33800,https://item.rakuten.co.jp/qualityspace/7-32gb-black-f/
https://tshop.r10s.jp/newmon/cabinet/05760624/imgrc0074911057.jpg?fitin=275:275,アップル iPhoneXs SIMフリー 国内モデル 256GB スペースグレイ 整備済み品 格安SIM 対応 A2098 MTE02J/A テレワーク 在宅勤務 在宅ワーク に,83800,https://item.rakuten.co.jp/newmon/10001032/
https://tshop.r10s.jp/newmon/cabinet/05760624/imgrc0074911057.jpg?fitin=275:275,アップル iPhoneXs SIMフリー 国内モデル 256GB スペースグレイ 整備済み品 格安SIM 対応 A2098 MTE02J/A テレワーク 在宅勤務 在宅ワーク に,83800,https://item.rakuten.co.jp/newmon/10001031/
https://tshop.r10s.jp/newmon/cabinet/05760624/xsgold.jpg?fitin=275:275,アップル iPhoneXs SIMフリー 国内モデル 512GB ゴールド 整備済み品 格安SIM 対応 A2098 MTE52J/A テレワーク 在宅勤務 在宅ワーク に,83800,https://item.rakuten.co.jp/newmon/10001035/
https://tshop.r10s.jp/newmon/cabinet/05760624/xsgold.jpg?fitin=275:275,アップル iPhoneXs SIMフリー 国内モデル 256GB ゴールド 整備済み品 格安SIM 対応 A2098 MTE22J/A テレワーク 在宅勤務 在宅ワーク に,83800,https://item.rakuten.co.jp/newmon/10001028/
https://tshop.r10s.jp/newmon/cabinet/05760624/imgrc0074911057.jpg?fitin=275:275,アップル iPhoneXs SIMフリー 国内モデル 64GB スペースグレイ 整備済み品 格安SIM 対応 A2098 MTAW2J/A テレワーク 在宅勤務 在宅ワーク に,76800,https://item.rakuten.co.jp/newmon/10001025/
https://tshop.r10s.jp/newmon/cabinet/05760624/xsgold.jpg?fitin=275:275,アップル iPhoneXs SIMフリー 国内モデル 64GB ゴールド 整備済み品 格安SIM 対応 A2098 MTAY2J/A テレワーク 在宅勤務 在宅ワーク に,76800,https://item.rakuten.co.jp/newmon/10001021/
https://tshop.r10s.jp/newmon/cabinet/05760624/xsgold.jpg?fitin=275:275,アップル iPhoneXs SIMフリー 国内モデル 64GB ゴールド 整備済み品 格安SIM 対応 A2098 MTAY2J/A テレワーク 在宅勤務 在宅ワーク に,76800,https://item.rakuten.co.jp/newmon/10001020/
https://tshop.r10s.jp/newmon/cabinet/05760624/xsgold.jpg?fitin=275:275,アップル iPhoneXs SIMフリー 国内モデル 64GB ゴールド 整備済み品 格安SIM 対応 A2098 MTAY2J/A テレワーク 在宅勤務 在宅ワーク に,76800,https://item.rakuten.co.jp/newmon/10001019/
https://tshop.r10s.jp/newmon/cabinet/05760624/imgrc0074911057.jpg?fitin=275:275,アップル iPhoneXs SIMフリー 国内モデル 256GB スペースグレイ 整備済み品 格安SIM 対応 A2098 MTE02J/A テレワーク 在宅勤務 在宅ワーク に,82800,https://item.rakuten.co.jp/newmon/10000976/
https://tshop.r10s.jp/newmon/cabinet/05760624/imgrc0074911057.jpg?fitin=275:275,アップル iPhoneXs SIMフリー 国内モデル 256GB スペースグレイ 整備済み品 格安SIM 対応 A2098 MTE02J/A テレワーク 在宅勤務 在宅ワーク に,82800,https://item.rakuten.co.jp/newmon/10000977/
https://tshop.r10s.jp/newmon/cabinet/05760624/imgrc0074911057.jpg?fitin=275:275,アップル iPhoneXs SIMフリー 国内モデル 256GB スペースグレイ 整備済み品 格安SIM 対応 A2098 MTE02J/A テレワーク 在宅勤務 在宅ワーク に,83800,https://item.rakuten.co.jp/newmon/10000973/
https://tshop.r10s.jp/newmon/cabinet/05760624/xsgold.jpg?fitin=275:275,アップル iPhoneXs SIMフリー 国内モデル 256GB ゴールド 整備済み品 格安SIM 対応 A2098 MTE22J/A テレワーク 在宅勤務 在宅ワーク に,82800,https://item.rakuten.co.jp/newmon/10000969/
https://tshop.r10s.jp/newmon/cabinet/05760624/xsgold.jpg?fitin=275:275,アップル iPhoneXs SIMフリー 国内モデル 256GB ゴールド 整備済み品 格安SIM 対応 A2098 MTE22J/A テレワーク 在宅勤務 在宅ワーク に,82800,https://item.rakuten.co.jp/newmon/10000968/
https://tshop.r10s.jp/newmon/cabinet/05760624/imgrc0074911057.jpg?fitin=275:275,アップル iPhoneXs SIMフリー 国内モデル 64GB スペースグレイ 整備済み品 格安SIM 対応 A2098 MTAW2J/A テレワーク 在宅勤務 在宅ワーク に,76800,https://item.rakuten.co.jp/newmon/10000965/
https://tshop.r10s.jp/newmon/cabinet/05760624/imgrc0074911057.jpg?fitin=275:275,アップル iPhoneXs SIMフリー 国内モデル 64GB スペースグレイ 整備済み品 格安SIM 対応 A2098 MTAW2J/A テレワーク 在宅勤務 在宅ワーク に,76800,https://item.rakuten.co.jp/newmon/10000963/
https://tshop.r10s.jp/newmon/cabinet/05760624/xsgold.jpg?fitin=275:275,アップル iPhoneXs SIMフリー 国内モデル 64GB ゴールド 整備済み品 格安SIM 対応 A2098 MTAY2J/A テレワーク 在宅勤務 在宅ワーク に,76800,https://item.rakuten.co.jp/newmon/10000962/
https://tshop.r10s.jp/plex/cabinet/02072677/imgrc0082048203.jpg?fitin=275:275,アップル iPhoneXs SIMフリー 版 256GB スペースグレイ 整備済品 スマホ スマートフォン 本体 Apple テレワーク 在宅勤務 在宅ワーク に,88800,https://item.rakuten.co.jp/plex/10014573/
https://tshop.r10s.jp/plex/cabinet/02072677/imgrc0082048203.jpg?fitin=275:275,アップル iPhoneXs SIMフリー 版 256GB スペースグレイ 整備済品 スマホ スマートフォン 本体 Apple テレワーク 在宅勤務 在宅ワーク に,88800,https://item.rakuten.co.jp/plex/10014571/
https://tshop.r10s.jp/plex/cabinet/02072677/imgrc0082048203.jpg?fitin=275:275,アップル iPhoneXs SIMフリー 版 256GB スペースグレイ 整備済品 スマホ スマートフォン 本体 Apple テレワーク 在宅勤務 在宅ワーク に,88800,https://item.rakuten.co.jp/plex/10014572/
https://tshop.r10s.jp/plex/cabinet/02072677/imgrc0082048203.jpg?fitin=275:275,アップル iPhoneXs SIMフリー 版 256GB スペースグレイ 整備済品 スマホ スマートフォン 本体 Apple テレワーク 在宅勤務 在宅ワーク に,86800,https://item.rakuten.co.jp/plex/10014570/
https://tshop.r10s.jp/plex/cabinet/02072677/imgrc0082048203.jpg?fitin=275:275,アップル iPhoneXs SIMフリー 版 256GB スペースグレイ 整備済品 スマホ スマートフォン 本体 Apple テレワーク 在宅勤務 在宅ワーク に,86800,https://item.rakuten.co.jp/plex/10014568/
https://tshop.r10s.jp/plex/cabinet/02072677/imgrc0082048203.jpg?fitin=275:275,アップル iPhoneXs SIMフリー 版 256GB スペースグレイ 整備済品 スマホ スマートフォン 本体 Apple テレワーク 在宅勤務 在宅ワーク に,88800,https://item.rakuten.co.jp/plex/10014566/
https://tshop.r10s.jp/plex/cabinet/02072677/imgrc0082048202.jpg?fitin=275:275,アップル iPhoneXs SIMフリー 版 256GB ゴールド 整備済品 スマホ スマートフォン 本体 Apple テレワーク 在宅勤務 在宅ワーク に,86800,https://item.rakuten.co.jp/plex/10014562/
https://tshop.r10s.jp/plex/cabinet/02072677/imgrc0082048202.jpg?fitin=275:275,アップル iPhoneXs SIMフリー 版 256GB ゴールド 整備済品 スマホ スマートフォン 本体 Apple テレワーク 在宅勤務 在宅ワーク に,86800,https://item.rakuten.co.jp/plex/10014560/
https://tshop.r10s.jp/plex/cabinet/02072677/imgrc0082048203.jpg?fitin=275:275,アップル iPhoneXs SIMフリー 版 64GB スペースグレイ 整備済品 スマホ スマートフォン 本体 Apple テレワーク 在宅勤務 在宅ワーク に,86800,https://item.rakuten.co.jp/plex/10014558/
https://tshop.r10s.jp/plex/cabinet/02072677/imgrc0082048203.jpg?fitin=275:275,アップル iPhoneXs SIMフリー 版 64GB スペースグレイ 整備済品 スマホ スマートフォン 本体 Apple テレワーク 在宅勤務 在宅ワーク に,86800,https://item.rakuten.co.jp/plex/10014555/
https://tshop.r10s.jp/plex/cabinet/02072677/imgrc0082048202.jpg?fitin=275:275,アップル iPhoneXs SIMフリー 版 512GB ゴールド 整備済品 スマホ スマートフォン 本体 Apple テレワーク 在宅勤務 在宅ワーク に,102800,https://item.rakuten.co.jp/plex/10014550/
https://tshop.r10s.jp/plex/cabinet/02072677/imgrc0082048203.jpg?fitin=275:275,アップル iPhoneXs SIMフリー 版 64GB スペースグレイ 整備済品 スマホ スマートフォン 本体 Apple テレワーク 在宅勤務 在宅ワーク に,88000,https://item.rakuten.co.jp/plex/10014548/
https://tshop.r10s.jp/plex/cabinet/02072677/imgrc0082048202.jpg?fitin=275:275,アップル iPhoneXs SIMフリー 版 64GB ゴールド 整備済品 スマホ スマートフォン 本体 Apple テレワーク 在宅勤務 在宅ワーク に,88000,https://item.rakuten.co.jp/plex/10014546/
https://tshop.r10s.jp/plex/cabinet/02072677/imgrc0082048202.jpg?fitin=275:275,アップル iPhoneXs SIMフリー 版 64GB ゴールド 整備済品 スマホ スマートフォン 本体 Apple テレワーク 在宅勤務 在宅ワーク に,88000,https://item.rakuten.co.jp/plex/10014544/
https://tshop.r10s.jp/plex/cabinet/02072677/imgrc0082048202.jpg?fitin=275:275,アップル iPhoneXs SIMフリー 版 64GB ゴールド 整備済品 スマホ スマートフォン 本体 Apple テレワーク 在宅勤務 在宅ワーク に,88000,https://item.rakuten.co.jp/plex/10014545/
https://tshop.r10s.jp/plex/cabinet/02072677/imgrc0082048202.jpg?fitin=275:275,アップル iPhoneXs SIMフリー 版 64GB ゴールド 整備済品 スマホ スマートフォン 本体 Apple テレワーク 在宅勤務 在宅ワーク に,88000,https://item.rakuten.co.jp/plex/10014467/
https://tshop.r10s.jp/auc-u-king-r/cabinet/02407167/iphonexs/iphonexsmax.jpg?fitin=275:275,Apple iPhone XS Max 6.5型OLED版 SIMフリー 256GB DUAL SIM対応 本体【香港正規品】物理的ダブルシム搭載可能【並行輸入/新品】MZ742ZA/A MZ752ZA/A MZ762ZA/A,212666,https://item.rakuten.co.jp/auc-u-king-r/iphonexsmax256gb/
https://tshop.r10s.jp/zexon/cabinet/image64/353286073678508_1.jpg?fitin=275:275,白ロム 新品 未使用 SoftBank iPhone6s Plus 16GB シルバー 標準セット IMEI:353286073678508 iPhone新品 未使用 送料無料 当社3ヶ月保証,34580,https://item.rakuten.co.jp/zexon/353286073678508/
https://tshop.r10s.jp/auc-u-king-r/cabinet/02407167/iphonexs/xr/ipxred.jpg?fitin=275:275,日本未発売 香港版SIMフリー Apple iPhone XR 64GB プロダクトレッド(PRODUCT)RED 物理的ダブルシム搭載可能 デュアルSIM Dual-SIM DSDS同時待受対応 本体【香港正規品】【並行輸入/新品】,141371,https://item.rakuten.co.jp/auc-u-king-r/iphonexr-red64gb/
https://tshop.r10s.jp/auc-u-king-r/cabinet/02407167/iphonexs/xr/ipxred.jpg?fitin=275:275,日本未発売 香港版SIMフリー Apple iPhone XR 128GB プロダクトレッド(PRODUCT)RED 物理的ダブルシム搭載可能 デュアルSIM Dual-SIM DSDS同時待受対応 本体【香港正規品】【並行輸入/新品】,171926,https://item.rakuten.co.jp/auc-u-king-r/iphonexr-red128gb/
https://tshop.r10s.jp/auc-u-king-r/cabinet/02407167/iphonexs/xr/ipxryellow.jpg?fitin=275:275,日本未発売 香港版SIMフリー Apple iPhone XR 64GB イエロー 物理的ダブルシム搭載可能 デュアルSIM Dual-SIM DSDS同時待受対応 本体【香港正規品】【並行輸入/新品】,161741,https://item.rakuten.co.jp/auc-u-king-r/iphonexr-yellow64gb/
https://tshop.r10s.jp/auc-u-king-r/cabinet/02407167/iphonexs/iphonexsmax.jpg?fitin=275:275,Apple iPhone XS Max 6.5型OLED版 SIMフリー 64GB DUAL SIM対応 本体【香港正規品】【並行輸入/新品】MZ712ZA/A MZ722ZA/A MZ732ZA/A,187204,https://item.rakuten.co.jp/auc-u-king-r/iphonexsmax64gb/
https://tshop.r10s.jp/auc-u-king-r/cabinet/02407167/iphonexs/xr/ipxryellow.jpg?fitin=275:275,日本未発売 香港版SIMフリー Apple iPhone XR 128GB イエロー 物理的ダブルシム搭載可能 デュアルSIM Dual-SIM DSDS同時待受対応 本体【香港正規品】【並行輸入/新品】,151556,https://item.rakuten.co.jp/auc-u-king-r/iphonexr-yellow128gb/
https://tshop.r10s.jp/auc-u-king-r/cabinet/02407167/iphonexs/xr/ipxred.jpg?fitin=275:275,日本未発売 香港版SIMフリー Apple iPhone XR 256GB プロダクトレッド(PRODUCT)RED 物理的ダブルシム搭載可能 デュアルSIM Dual-SIM DSDS同時待受対応 本体【香港正規品】【並行輸入/新品】,192297,https://item.rakuten.co.jp/auc-u-king-r/iphonexr-red256gb/
https://tshop.r10s.jp/auc-u-king-r/cabinet/02407167/iphonexs/xr/xr.jpg?fitin=275:275,日本未発売 香港版SIMフリー Apple iPhone XR 128GB ホワイト ブラック ブルー コーラル 物理的ダブルシム搭載可能 デュアルSIM DSDS同時【並行輸入/新品】,161741,https://item.rakuten.co.jp/auc-u-king-r/iphonexr128/
https://tshop.r10s.jp/auc-u-king-r/cabinet/02407167/ip11-64_1.jpg?fitin=275:275,iPhone 11 SIMフリー 64GB 本体 DUAL SIM対応 OLED版 ダブルシム搭載可能【香港正規品/日本未発売】,138000,https://item.rakuten.co.jp/auc-u-king-r/ip11-64/
https://tshop.r10s.jp/auc-u-king-r/cabinet/02407167/iphonexs/xr/ipxryellow.jpg?fitin=275:275,日本未発売 香港版SIMフリー Apple iPhone XR 256GB イエロー 物理的ダブルシム搭載可能 デュアルSIM Dual-SIM DSDS同時待受対応 本体【香港正規品】【並行輸入/新品】,161741,https://item.rakuten.co.jp/auc-u-king-r/iphonexr-yellow256gb/
https://tshop.r10s.jp/auc-u-king-r/cabinet/02407167/iphonexs/iphonexsmax.jpg?fitin=275:275,Apple iPhone XS Max 6.5型OLED版 SIMフリー 512GB DUAL SIM対応 本体【香港正規品】物理的ダブルシム搭載可能【並行輸入/新品】MZ772ZA/A MZ782ZA/A MZ792ZA/A,263592,https://item.rakuten.co.jp/auc-u-king-r/iphonexsmax512gb/
https://tshop.r10s.jp/auc-u-king-r/cabinet/02407167/iphonexs/xr/xr.jpg?fitin=275:275,iPhone XR 64GB 香港版SIMフリー スマホ 本体 新品 Apple 【ホワイト/ブラック/ブルー/コーラル】 物理的ダブルシム搭載可能 デュアルSIM DSDS同時【日本未発売 】,151555,https://item.rakuten.co.jp/auc-u-king-r/iphonexr64/
https://tshop.r10s.jp/qualityspace/cabinet/compass1512454736.jpg?fitin=275:275,「新品 訳あり」海外版 simフリー iPhone SE 32GB rosegold ローズゴールド ※赤ロム保証[simロック解除済み][MP852ZP/A][][Apple][A1723],37000,https://item.rakuten.co.jp/qualityspace/se-32gb-rosegold-f-k/
https://tshop.r10s.jp/digimart-shop/cabinet/others/ipx18_01.jpg?fitin=275:275,【エントリー＆楽天カード決済でポイント最大10倍】[8月1日 限定]【送料無料】アップル APPLE iPhone XS 64GB SIMフリー [シルバー] MTAX2J/A 国内正規品【新品】,138700,https://item.rakuten.co.jp/digimart-shop/ipx18/
https://tshop.r10s.jp/digimart-shop/cabinet/others/ipx13_01.jpg?fitin=275:275,【エントリー＆楽天カード決済でポイント最大10倍】[8月1日 限定]【送料無料】アップル APPLE iPhone XS 512GB SIMフリー [スペースグレー] MTE32J/A 国内正規品【新品】,186640,https://item.rakuten.co.jp/digimart-shop/ipx13/
https://tshop.r10s.jp/digimart-shop/cabinet/others/ipx11_01.jpg?fitin=275:275,【エントリー＆楽天カード決済でポイント最大10倍】[8月1日 限定]【送料無料】アップル APPLE iPhone XS 512GB SIMフリー [ゴールド] MTE52J/A 国内正規品【新品】,186640,https://item.rakuten.co.jp/digimart-shop/ipx11/
https://tshop.r10s.jp/mobilestation/cabinet/_030/1240001011505_1-1.jpg?fitin=275:275,テスト商品,1000000,https://item.rakuten.co.jp/mobilestation/test/
https://tshop.r10s.jp/digimart-shop/cabinet/others/ipx06_01.jpg?fitin=275:275,【エントリー＆楽天カード決済でポイント最大10倍】[8月1日 限定]【送料無料】アップル APPLE iPhone XS Max 64GB SIMフリー [ゴールド] MT6T2J/A 国内正規品【新品】,129800,https://item.rakuten.co.jp/digimart-shop/ipx06/
https://tshop.r10s.jp/digimart-shop/cabinet/others/ipx03_01.jpg?fitin=275:275,【エントリー＆楽天カード決済でポイント最大10倍】[8月1日 限定]【送料無料】アップル APPLE iPhone XS Max 256GB SIMフリー [ゴールド] MT6W2J/A 国内正規品【新品】,170320,https://item.rakuten.co.jp/digimart-shop/ipx03/
https://tshop.r10s.jp/mobile-top/cabinet/04682275/05665930/imgrc0093870659.jpg?fitin=275:275,【新品・白ロム・未開封】台湾版 SIMフリーiPhone6 A1586（GSM）Gold 16GB アップル 正規整備済品【Apple Certified Pre-Owned 】マートフォン 携帯電話　iPhone 6 16GB FG492TA/A gold,23500,https://item.rakuten.co.jp/mobile-top/888462813730/
https://tshop.r10s.jp/worldwide/cabinet/02854301/imgrc0078288921.jpg?fitin=275:275,iPhone5s Apple　　SIMフリー　32GB ブラック,104500,https://item.rakuten.co.jp/worldwide/apple05s/
https://tshop.r10s.jp/worldwide/cabinet/02755728/img58379886.jpg?fitin=275:275,【税込！送料無料！】iPhone4s Apple　正規品　SIMフリー　32GB ブラック,88000,https://item.rakuten.co.jp/worldwide/apple05/
https://tshop.r10s.jp/qualityspace/cabinet/compass1546420052.jpg?fitin=275:275,[新品 未使用品 白ロム] SIMフリー iPhone 6s 32gb Gold ゴールド [正規 SIMロック解除済][Apple/アップル][アイフォン][MN112J/A][A1688],42000,https://item.rakuten.co.jp/qualityspace/6s-32gb-gold-f/
https://tshop.r10s.jp/qualityspace/cabinet/compass1546420128.jpg?fitin=275:275,[新品 未使用品 ]SIMフリー iphone 6s 32gb spacegray スペースグレイ ※赤ロム保証[docomo simロック解除][Apple/アップル][アイフォン][MN0W2J/A][A1688],42000,https://item.rakuten.co.jp/qualityspace/do-6s-32gb-gray-f/
https://tshop.r10s.jp/e-cutestyle/cabinet/img027/p000000697385_1.jpg?fitin=275:275,★アップル / APPLE iPhone 11 RED 64GB SIMフリー [レッド] (SIMフリー) 【スマートフォン】【送料無料】,85920,https://item.rakuten.co.jp/e-cutestyle/p000000697385/
https://tshop.r10s.jp/e-cutestyle/cabinet/img027/p000000697645_1.jpg?fitin=275:275,★アップル / APPLE iPhone 11 Pro 64GB SIMフリー [スペースグレイ] (SIMフリー) 【スマートフォン】【送料無料】,120420,https://item.rakuten.co.jp/e-cutestyle/p000000697645/
https://tshop.r10s.jp/qualityspace/cabinet/compass1546420113.jpg?fitin=275:275,[新品 未使用品 白ロム ]SIMフリー iphone 6s 32gb spacegray スペースグレイ ※赤ロム保証[正規 simロック解除][Apple/アップル][アイフォン][MN0W2J/A][A1688],42000,https://item.rakuten.co.jp/qualityspace/6s-32gb-gray-f/
https://tshop.r10s.jp/qualityspace/cabinet/compass1571472952.jpg?fitin=275:275,「新品 未使用品 白ロム」SIMフリー iPhone11 64gb green グリ−ン ※赤ロム保証 [正規SIMロック解除][Apple/アップル][アイフォン][MWLY2J/A],84300,https://item.rakuten.co.jp/qualityspace/11-64gb-green-f/
https://tshop.r10s.jp/e-cutestyle/cabinet/img027/p000000697566_1.jpg?fitin=275:275,★アップル / APPLE iPhone 11 Pro 256GB SIMフリー [ミッドナイトグリーン] (SIMフリー) 【スマートフォン】【送料無料】,139310,https://item.rakuten.co.jp/e-cutestyle/p000000697566/
https://tshop.r10s.jp/lcs-live/cabinet/05311406/imgrc0105114288.jpg?fitin=275:275,【即納・在庫あり】【新品・未使用品】iPhone 8 64GB [スペースグレイ] SIMロック解除済　白ロムJAN:4547597992203,45100,https://item.rakuten.co.jp/lcs-live/10004985/
https://tshop.r10s.jp/d-rise/cabinet/img027/p000000697523_1.jpg?fitin=275:275,★アップル / APPLE iPhone 11 64GB SIMフリー [ホワイト] (SIMフリー) 【スマートフォン】【送料無料】,90350,https://item.rakuten.co.jp/d-rise/p000000697523/
https://tshop.r10s.jp/e-cutestyle/cabinet/img025/p000000697422_1.jpg?fitin=275:275,★アップル / APPLE iPhone 11 128GB SIMフリー [ブラック] (SIMフリー) 【スマートフォン】【送料無料】,91700,https://item.rakuten.co.jp/e-cutestyle/p000000697422/
https://tshop.r10s.jp/mobilestation/cabinet/_046/1240001017770_1.jpg?fitin=275:275,【即日発送】 【新品・未使用】au iPhone11 256GB ホワイト 白ロム本体【送料無料】【スマホ専門販売店】,89980,https://item.rakuten.co.jp/mobilestation/1-240001017770/
https://tshop.r10s.jp/mobilestation/cabinet/_033/1240001015582_1.jpg?fitin=275:275,【即日発送】 【新品・未使用】UQmobile iPhone7 128GB シルバー 白ロム本体【送料無料】【スマホ専門販売店】,32980,https://item.rakuten.co.jp/mobilestation/1-240001015582/
https://tshop.r10s.jp/sokutei/cabinet/05716971/sumaho/imgrc0074642320.jpg?fitin=275:275,Apple iPhone11 Pro Max 64GB SIMフリー [ミッドナイトグリーン] MWHH2J/A【ラッピング対応可】,132453,https://item.rakuten.co.jp/sokutei/4549995083668/
https://tshop.r10s.jp/mobilestation/cabinet/_033/1240001015518_1.jpg?fitin=275:275,【即日発送】 【新品・未使用】UQmobile iPhone7 32GB ブラック 白ロム本体【送料無料】【スマホ専門販売店】,24980,https://item.rakuten.co.jp/mobilestation/1-240001015518/
https://tshop.r10s.jp/qualityspace/cabinet/compass1551323319.jpg?fitin=275:275,「新品 未使用品」SIMフリー iPhone7 32gb ブラック Black ※赤ロム永久保証 [softbankからSIMロック解除済み][Apple/アップル][アイフォン][MNCE2J/A]「A1779」,35800,https://item.rakuten.co.jp/qualityspace/sb-7-32gb-black-f/
https://tshop.r10s.jp/e-cutestyle/cabinet/img027/p000000697523_1.jpg?fitin=275:275,★アップル / APPLE iPhone 11 64GB SIMフリー [ホワイト] (SIMフリー) 【スマートフォン】【送料無料】,85810,https://item.rakuten.co.jp/e-cutestyle/p000000697523/
https://tshop.r10s.jp/qualityspace/cabinet/compass1513762922.jpg?fitin=275:275,[新品 未使用品 白ロム] SIMフリー UQ mobile iphone 6s 32gb space gray [Apple/アップル][アイフォン][UQmobile][MN0W2J/A][A1688],34500,https://item.rakuten.co.jp/qualityspace/uq-6s-32gb-gray-f/
https://tshop.r10s.jp/mobilestation/cabinet/_046/1240001017921_1.jpg?fitin=275:275,【即日発送】【新品本体のみ】SIMフリー iPhone11 Pro Max 256GB ゴールド 白ロム本体【送料無料】【スマホ専門販売店】,146980,https://item.rakuten.co.jp/mobilestation/1-240001017921/
https://tshop.r10s.jp/e-cutestyle/cabinet/img027/p000000697684_1.jpg?fitin=275:275,★アップル / APPLE iPhone 11 Pro Max 256GB SIMフリー [シルバー] (SIMフリー) 【スマートフォン】【送料無料】,150420,https://item.rakuten.co.jp/e-cutestyle/p000000697684/
https://tshop.r10s.jp/mobilestation/cabinet/_051/1240001017596_1-2.jpg?fitin=275:275,【即日発送】 【新品・未使用】SIMフリー iPhone11 Pro 256GB ゴールド 白ロム本体【送料無料】【スマホ専門販売店】,135980,https://item.rakuten.co.jp/mobilestation/1-240001017596/
https://tshop.r10s.jp/mobilestation/cabinet/_051/1240001017633_1-2.jpg?fitin=275:275,【即日発送】 【新品・未使用】au iPhone11 128GB ブラック 白ロム本体【送料無料】【スマホ専門販売店】,84980,https://item.rakuten.co.jp/mobilestation/1-240001017633/
https://tshop.r10s.jp/mobilestation/cabinet/_045/1240001017578_1.jpg?fitin=275:275,【即日発送】 【新品・未使用】SIMフリー iPhone11 Pro Max 256GB シルバー 白ロム本体【送料無料】【スマホ専門販売店】,147980,https://item.rakuten.co.jp/mobilestation/1-240001017578/
https://tshop.r10s.jp/best1mobile/cabinet/imgrc0086270509.jpg?fitin=275:275,【SIMフリー】【新品未開封】 iPhone 11 128GB パープル　SIMロック解除済 白ロム 【全国送料無料】,91800,https://item.rakuten.co.jp/best1mobile/apple-iphone11-128-pu-unopened/
https://tshop.r10s.jp/mobilestation/cabinet/_055/1240001019141_1.jpg?fitin=275:275,【即日発送】【新品・未使用】SIMフリー iPhone SE 128GB 2020年モデル ホワイト 白ロム本体【送料無料】【スマホ専門販売店】,58980,https://item.rakuten.co.jp/mobilestation/1-240001019141/
https://tshop.r10s.jp/mobilestation/cabinet/_054/1240001019110_1.jpg?fitin=275:275,【即日発送】【新品未開封・未使用】SIMフリー iPhone11 128GB ホワイト 本体【送料無料】【スマホ専門販売店】,91980,https://item.rakuten.co.jp/mobilestation/1-240001019110/
https://tshop.r10s.jp/mistergadjets/cabinet/default/ap02692.jpg?fitin=275:275,SIMフリー Apple iPhone 11 Pro デュアルSIM 512GB LTE 緑 香港スペック MWDL2ZA/A,193095,https://item.rakuten.co.jp/mistergadjets/ap02692/
https://tshop.r10s.jp/mobilestation/cabinet/_054/1240001019069_1.jpg?fitin=275:275,【即日発送】【新品未開封・未使用】SIMフリー iPhone11 Pro 256GB シルバー 本体【送料無料】【スマホ専門販売店】,138980,https://item.rakuten.co.jp/mobilestation/1-240001019069/
https://tshop.r10s.jp/mistergadjets/cabinet/default/ap03066.jpg?fitin=275:275,SIMフリー Apple iPhone SE 2020 Single Sim + e-SIM 128GB 白 香港スペック MXD12ZP/A 新品 スマホ本体 1年保証,79065,https://item.rakuten.co.jp/mistergadjets/ap03066/
https://tshop.r10s.jp/qualityspace/cabinet/compass1580893991.jpg?fitin=275:275,「新品 未開封品 」SIMフリー iPhone11 128GB white ホワイト ※赤ロム保証 [正規SIMロック解除][Apple/アップル][アイフォン][MWM22J/A][A2221],91600,https://item.rakuten.co.jp/qualityspace/11-128gb-white-f-0/
https://tshop.r10s.jp/e-cutestyle/cabinet/img027/p000000697766_1.jpg?fitin=275:275,★アップル / APPLE iPhone 11 Pro Max 64GB SIMフリー [ミッドナイトグリーン] (SIMフリー) 【スマートフォン】【送料無料】,133060,https://item.rakuten.co.jp/e-cutestyle/p000000697766/
https://tshop.r10s.jp/e-cutestyle/cabinet/img027/p000000697765_1.jpg?fitin=275:275,★アップル / APPLE iPhone 11 Pro Max 64GB SIMフリー [スペースグレイ] (SIMフリー) 【スマートフォン】【送料無料】,133060,https://item.rakuten.co.jp/e-cutestyle/p000000697765/
https://tshop.r10s.jp/d-rise/cabinet/img027/p000000697763_1.jpg?fitin=275:275,★アップル / APPLE iPhone 11 Pro Max 64GB SIMフリー [ゴールド] (SIMフリー) 【スマートフォン】【送料無料】,141240,https://item.rakuten.co.jp/d-rise/p000000697763/
https://tshop.r10s.jp/d-rise/cabinet/img027/p000000697764_1.jpg?fitin=275:275,★アップル / APPLE iPhone 11 Pro Max 64GB SIMフリー [シルバー] (SIMフリー) 【スマートフォン】【送料無料】,141450,https://item.rakuten.co.jp/d-rise/p000000697764/
https://tshop.r10s.jp/newmon/cabinet/05760624/xsgold.jpg?fitin=275:275,アップル iPhoneXs SIMフリー 国内モデル 64GB ゴールド 整備済み品 格安SIM 対応 A2098 MTAY2J/A テレワーク 在宅勤務 在宅ワーク に,76800,https://item.rakuten.co.jp/newmon/10001022/
https://tshop.r10s.jp/plex/cabinet/02072677/imgrc0082048202.jpg?fitin=275:275,アップル iPhoneXs SIMフリー 版 256GB ゴールド 整備済品 スマホ スマートフォン 本体 Apple テレワーク 在宅勤務 在宅ワーク に,88800,https://item.rakuten.co.jp/plex/10014564/
https://tshop.r10s.jp/plex/cabinet/02072677/imgrc0082048202.jpg?fitin=275:275,アップル iPhoneXs SIMフリー 版 64GB ゴールド 整備済品 スマホ スマートフォン 本体 Apple テレワーク 在宅勤務 在宅ワーク に,86800,https://item.rakuten.co.jp/plex/10014554/
https://tshop.r10s.jp/plex/cabinet/02072677/imgrc0082048202.jpg?fitin=275:275,アップル iPhoneXs SIMフリー 版 512GB ゴールド 整備済品 スマホ スマートフォン 本体 Apple テレワーク 在宅勤務 在宅ワーク に,101800,https://item.rakuten.co.jp/plex/10014549/
https://tshop.r10s.jp/auc-u-king-r/cabinet/02407167/ip11-128_1.jpg?fitin=275:275,iPhone 11 SIMフリー 128GB 本体 DUAL SIM対応 OLED版 ダブルシム搭載可能【香港正規品/日本未発売】,148000,https://item.rakuten.co.jp/auc-u-king-r/ip11-128/
https://tshop.r10s.jp/auc-u-king-r/cabinet/02407167/ip11-256_1.jpg?fitin=275:275,iPhone 11 SIMフリー 256GB 本体 DUAL SIM対応 OLED版 ダブルシム搭載可能【香港正規品/日本未発売】,168000,https://item.rakuten.co.jp/auc-u-king-r/ip11-256/
https://tshop.r10s.jp/auc-u-king-r/cabinet/02407167/ip11max-512_1.jpg?fitin=275:275,iPhone 11 ProMax SIMフリー 512GB 本体 DUAL SIM対応 OLED版 ダブルシム搭載可能【香港正規品/日本未発売】,238000,https://item.rakuten.co.jp/auc-u-king-r/ip11max-512/
https://tshop.r10s.jp/auc-u-king-r/cabinet/02407167/ip11max-64_1.jpg?fitin=275:275,iPhone 11 ProMax SIMフリー 64GB 本体 DUAL SIM対応 OLED版 ダブルシム搭載可能【香港正規品/日本未発売】,188000,https://item.rakuten.co.jp/auc-u-king-r/ip11max-64/
https://tshop.r10s.jp/d-rise/cabinet/img027/p000000697385_1.jpg?fitin=275:275,★アップル / APPLE iPhone 11 RED 64GB SIMフリー [レッド] (SIMフリー) 【スマートフォン】【送料無料】,90460,https://item.rakuten.co.jp/d-rise/p000000697385/
https://tshop.r10s.jp/mobilestation/cabinet/_044/1240001017536_1.jpg?fitin=275:275,【即日発送】 【新品・未使用】docomo iPhone11 Pro Max 256GB ゴールド 白ロム本体【送料無料】【スマホ専門販売店】,999999,https://item.rakuten.co.jp/mobilestation/1-240001017536/
https://tshop.r10s.jp/qualityspace/cabinet/compass1569657201.jpg?fitin=275:275,「新品 未使用品 白ロム」SIMフリー iPhone11 64gb black ブラック ※赤ロム永久保証 [正規SIMロック解除][Apple/アップル][アイフォン][MWLT2J/A],84300,https://item.rakuten.co.jp/qualityspace/11-64gb-black-f/
https://tshop.r10s.jp/newmon/cabinet/05760624/xsgold.jpg?fitin=275:275,アップル iPhoneXs SIMフリー 国内モデル 512GB ゴールド 整備済み品 格安SIM 対応 A2098 MTE52J/A テレワーク 在宅勤務 在宅ワーク に,82800,https://item.rakuten.co.jp/newmon/10000979/
