https://cache.ymall.jp/webcom/item/multiimage/300/6993863011_001.jpg,アップル(Apple)　MXK32J／A　13インチ　MacBook　Pro　Touch　Bar　2020年モデル　第8世代クアッドコアIntel　Core　i5　256GB　スペースグレイ,148280,https://www.yamada-denkiweb.com/6993863011
https://cache.ymall.jp/webcom/item/multiimage/300/6993006012_001.jpg,アップル(Apple)　MWTJ2J／A　MacBook　Air　2020年モデル　13.3インチ　1.1GHzデュアルコアCore　i3　SSD256GB　メモリ8GB　スペースグレイ,115280,https://www.yamada-denkiweb.com/6993006012
https://cache.ymall.jp/webcom/item/multiimage/300/6993007019_001.jpg,アップル(Apple)　MWTK2J／A　MacBook　Air　2020年モデル　13.3インチ　1.1GHzデュアルコアCore　i3　SSD256GB　メモリ8GB　シルバー,115280,https://www.yamada-denkiweb.com/6993007019
https://cache.ymall.jp/webcom/item/multiimage/300/6993008016_001.jpg,アップル(Apple)　MWTL2J／A　MacBook　Air　2020年モデル　13.3インチ　1.1GHzデュアルコアCore　i3　SSD256GB　メモリ8GB　ゴールド,115280,https://www.yamada-denkiweb.com/6993008016
https://cache.ymall.jp/webcom/item/multiimage/300/6993859014_001.jpg,アップル(Apple)　MWP42J／A　13インチ　MacBook　Pro　Touch　Bar　2020年モデル　第10世代クアッドコアIntel　Core　i5　512GB　スペースグレイ,207680,https://www.yamada-denkiweb.com/6993859014
https://cache.ymall.jp/webcom/item/multiimage/300/6993860010_001.jpg,アップル(Apple)　MWP52J／A　13インチ　MacBook　Pro　Touch　Bar　2020年モデル　第10世代クアッドコアIntel　Core　i5　1TB　スペースグレイ,229680,https://www.yamada-denkiweb.com/6993860010
https://cache.ymall.jp/webcom/item/multiimage/300/6993865015_001.jpg,アップル(Apple)　MXK62J／A　13インチ　MacBook　Pro　Touch　Bar　2020年モデル　第8世代クアッドコアIntel　Core　i5　256GB　シルバー,148280,https://www.yamada-denkiweb.com/6993865015
https://cache.ymall.jp/webcom/item/multiimage/300/6993004018_001.jpg,アップル(Apple)　MVH42J／A　MacBook　Air　2020年モデル　13.3インチ　1.1GHz　4コアCore　i5　SSD512GB　メモリ8GB　シルバー,148280,https://www.yamada-denkiweb.com/6993004018
https://cache.ymall.jp/webcom/item/multiimage/300/7069317018_001.jpg,アップル(Apple)　MVVJ2J／A　MacBookPro　16インチ　Touch　Bar搭載モデル　2.6GHz　6コアIntel　Core　i7　512GB　スペースグレイ,273680,https://www.yamada-denkiweb.com/7069317018
https://cache.ymall.jp/webcom/item/multiimage/300/6993861017_001.jpg,アップル(Apple)　MWP72J／A　13インチ　MacBook　Pro　Touch　Bar　2020年モデル　第10世代クアッドコアIntel　Core　i5　512GB　シルバー,207680,https://www.yamada-denkiweb.com/6993861017
https://cache.ymall.jp/webcom/item/multiimage/300/6993862014_001.jpg,アップル(Apple)　MWP82J／A　13インチ　MacBook　Pro　Touch　Bar　2020年モデル　第10世代クアッドコアIntel　Core　i5　1TB　シルバー,229680,https://www.yamada-denkiweb.com/6993862014
https://cache.ymall.jp/webcom/item/multiimage/300/6995231016_001.jpg,アップル(Apple)　Z0Y600043　MacBook　Pro　Touch　Bar　2020年モデル　第10世代クアッドコアIntel　Core　i7　SSD512GB　メモリ16GB　スペースグレイ　CTOMBP130001,229680,https://www.yamada-denkiweb.com/6995231016
https://cache.ymall.jp/webcom/item/multiimage/300/6995226012_001.jpg,アップル(Apple)　Z0X80002P　MacBook　Air　2020年　CTOモデル　13.3インチ　1.1GHz　4コアCore　i5　SSD512GB　メモリ16GB　スペースグレイ　CTOMBA130001,170280,https://www.yamada-denkiweb.com/6995226012
https://cache.ymall.jp/webcom/item/multiimage/300/6995233010_001.jpg,アップル(Apple)　Z0Y0005HH　MacBook　Pro　Touch　Bar　16インチ　2.3GHz　8コア　Core　i9　SSD1TB　メモリ32GB　スペースグレイ　CTOMBP160001,372680,https://www.yamada-denkiweb.com/6995233010
https://cache.ymall.jp/webcom/item/multiimage/300/6995227019_001.jpg,アップル(Apple)　Z0YJ00039　MacBook　Air　2020年　CTOモデル　13.3インチ　1.1GHz　4コアCore　i5　SSD256GB　メモリ16GB　スペースグレイ　CTOMBA130002,148280,https://www.yamada-denkiweb.com/6995227019
https://cache.ymall.jp/webcom/item/multiimage/300/6993005015_001.jpg,アップル(Apple)　MVH52J／A　MacBook　Air　2020年モデル　13.3インチ　1.1GHz　4コアCore　i5　SSD512GB　メモリ8GB　ゴールド,148280,https://www.yamada-denkiweb.com/6993005015
https://cache.ymall.jp/webcom/item/multiimage/300/6993864018_001.jpg,アップル(Apple)　MXK52J／A　13インチ　MacBook　Pro　Touch　Bar　2020年モデル　第8世代クアッドコアIntel　Core　i5　512GB　スペースグレイ,170280,https://www.yamada-denkiweb.com/6993864018
https://cache.ymall.jp/webcom/item/multiimage/300/6993003011_001.jpg,アップル(Apple)　MVH22J／A　MacBook　Air　2020年モデル　13.3インチ　1.1GHz　4コアCore　i5　SSD512GB　メモリ8GB　スペースグレイ,148280,https://www.yamada-denkiweb.com/6993003011
https://cache.ymall.jp/webcom/item/multiimage/300/6993866012_001.jpg,アップル(Apple)　MXK72J／A　13インチ　MacBook　Pro　Touch　Bar　2020年モデル　第8世代クアッドコアIntel　Core　i5　512GB　シルバー,170280,https://www.yamada-denkiweb.com/6993866012
https://cache.ymall.jp/webcom/item/multiimage/300/7069318015_001.jpg,アップル(Apple)　MVVK2J／A　MacBookPro　16インチ　Touch　Bar搭載モデル　2.3GHz　8コアIntel　Core　i9　1TB　スペースグレイ,317680,https://www.yamada-denkiweb.com/7069318015
https://cache.ymall.jp/webcom/item/multiimage/300/6995228016_001.jpg,アップル(Apple)　Z0YK00035　MacBook　Air　2020年　CTOモデル　13.3インチ　1.1GHz　4コアCore　i5　SSD256GB　メモリ16GB　シルバー　CTOMBA130003,148280,https://www.yamada-denkiweb.com/6995228016
https://cache.ymall.jp/webcom/item/multiimage/300/7069320018_001.jpg,アップル(Apple)　MVVM2J／A　MacBookPro　16インチ　Touch　Bar搭載モデル　2.3GHz　8コアIntel　Core　i9　1TB　シルバー,317680,https://www.yamada-denkiweb.com/7069320018
https://cache.ymall.jp/webcom/item/multiimage/300/7069319012_001.jpg,アップル(Apple)　MVVL2J／A　MacBookPro　16インチ　Touch　Bar搭載モデル　2.6GHz　6コアIntel　Core　i7　512GB　シルバー,273680,https://www.yamada-denkiweb.com/7069319012
https://cache.ymall.jp/webcom/item/multiimage/300/7054685016_001.jpg,アップル(Apple)　MNYG2J／A　MacBook　Retinaディスプレイ　12インチ　デュアルコアIntel　Core　i5　1.3GHz　512GB　スペースグレイ,193369,https://www.yamada-denkiweb.com/7054685016
https://cache.ymall.jp/webcom/item/multiimage/300/7061840019_001.jpg,アップル(Apple)　MRQN2J／A　MacBook　12インチ　デュアルコアIntel　Core　m3　256GB　ゴールド,157080,https://www.yamada-denkiweb.com/7061840019
https://cache.ymall.jp/webcom/item/multiimage/300/7066375011_001.jpg,アップル(Apple)　MVFM2J／A　MacBook　Air　13インチ　1.6GHzデュアルコア第8世代Intel　Core　i5プロセッサ　128GB　ゴールド,131780,https://www.yamada-denkiweb.com/7066375011
https://cache.ymall.jp/webcom/item/multiimage/300/7054705011_001.jpg,アップル(Apple)　MPXX2J／A　MacBook　Pro　13インチ　Touch　Bar　3.1GHz　デュアルコアi5プロセッサ　256GB　シルバー,201665,https://www.yamada-denkiweb.com/7054705011
https://cache.ymall.jp/webcom/item/multiimage/300/7054688017_001.jpg,アップル(Apple)　MNYK2J／A　MacBook　Retinaディスプレイ　12インチ　デュアルコアIntel　Core　m3　1.2GHz　256GB　ゴールド,152574,https://www.yamada-denkiweb.com/7054688017
https://cache.ymall.jp/webcom/item/multiimage/300/7060324015_001.jpg,アップル(Apple)　MR9R2J／A　MacBook　Pro　Touch　Bar　13インチ　2.3GHz　クアッドコアIntel　Core　i5プロセッサ　512GB　スペースグレイ,236269,https://www.yamada-denkiweb.com/7060324015
https://cache.ymall.jp/webcom/item/multiimage/300/7061833011_001.jpg,アップル(Apple)　MRQP2J／A　MacBook　12インチ　デュアルコアIntel　Core　i5　512GB　ゴールド,193380,https://www.yamada-denkiweb.com/7061833011
https://cache.ymall.jp/webcom/item/multiimage/300/7054686013_001.jpg,アップル(Apple)　MNYH2J／A　MacBook　Retinaディスプレイ　12インチ　デュアルコアIntel　Core　m3　1.2GHz　256GB　シルバー,157069,https://www.yamada-denkiweb.com/7054686013
https://cache.ymall.jp/webcom/item/multiimage/300/7054687010_001.jpg,アップル(Apple)　MNYJ2J／A　MacBook　Retinaディスプレイ　12インチ　デュアルコアIntel　Core　i5　1.3GHz　512GB　シルバー,193369,https://www.yamada-denkiweb.com/7054687010
https://cache.ymall.jp/webcom/item/multiimage/300/7066374014_001.jpg,アップル(Apple)　MVFL2J／A　MacBook　Air　13インチ　1.6GHzデュアルコア第8世代Intel　Core　i5プロセッサ　256GB　シルバー,153780,https://www.yamada-denkiweb.com/7066374014
https://cache.ymall.jp/webcom/item/multiimage/300/7054689014_001.jpg,アップル(Apple)　MNYL2J／A　MacBook　Retinaディスプレイ　12インチ　デュアルコアIntel　Core　i5　1.3GHz　512GB　ゴールド,192280,https://www.yamada-denkiweb.com/7054689014
https://cache.ymall.jp/webcom/item/multiimage/300/7060326019_001.jpg,アップル(Apple)　MR9V2J／A　MacBook　Pro　Touch　Bar　13インチ　2.3GHz　クアッドコアIntel　Core　i5プロセッサ　512GB　シルバー,236269,https://www.yamada-denkiweb.com/7060326019
https://cache.ymall.jp/webcom/item/multiimage/300/7066376018_001.jpg,アップル(Apple)　MVFN2J／A　MacBook　Air　13インチ　1.6GHzデュアルコア第8世代Intel　Core　i5プロセッサ　256GB　ゴールド,153780,https://www.yamada-denkiweb.com/7066376018
https://cache.ymall.jp/webcom/item/multiimage/300/7054695015_001.jpg,アップル(Apple)　MPTV2J／A　MacBook　Pro　15インチ　Touch　Bar　2.9GHz　クアッドコアi7プロセッサ　512GB　シルバー,313280,https://www.yamada-denkiweb.com/7054695015
https://cache.ymall.jp/webcom/item/multiimage/300/7051588013_001.jpg,HUAWEI(ファーウェイ)　　MediaPad　M3　8.0　LTE　4G-64G／Gold／53017410　MediaPad　M3／BTV_DL09B　M3／BTV_DL09B,42218,https://www.yamada-denkiweb.com/7051588013
https://cache.ymall.jp/webcom/item/multiimage/300/6995229013_001.jpg,アップル(Apple)　Z0X80002K　MacBook　Air　2020年　CTOモデル　13.3インチ　1.2GHz　4コアCore　i7　SSD1TB　メモリ16GB　スペースグレイ　CTOMBA130004,208780,https://www.yamada-denkiweb.com/6995229013
https://cache.ymall.jp/webcom/item/multiimage/300/6995232013_001.jpg,アップル(Apple)　Z0Y70001E　MacBook　Pro　Touch　Bar　2020年モデル　第10世代クアッドコアIntel　Core　i7　SSD1TB　メモリ32GB　スペースグレイ　CTOMBP130002,295680,https://www.yamada-denkiweb.com/6995232013
https://cache.ymall.jp/webcom/item/multiimage/300/7066372010_001.jpg,アップル(Apple)　MVFJ2J／A　MacBook　Air　13インチ　1.6GHzデュアルコア第8世代Intel　Core　i5プロセッサ　256GB　スペースグレイ,153780,https://www.yamada-denkiweb.com/7066372010
https://cache.ymall.jp/webcom/item/multiimage/300/7054684019_001.jpg,アップル(Apple)　MNYF2J／A　MacBook　Retinaディスプレイ　12インチ　デュアルコアIntel　Core　m3　1.2GHz　256GB　スペースグレイ,157069,https://www.yamada-denkiweb.com/7054684019
https://cache.ymall.jp/webcom/item/multiimage/300/7054696012_001.jpg,アップル(Apple)　MPXQ2J／A　MacBook　Pro　13インチ　2.3GHz　デュアルコアi5プロセッサ　128GB　スペースグレイ,139469,https://www.yamada-denkiweb.com/7054696012
https://cache.ymall.jp/webcom/item/multiimage/300/6995230019_001.jpg,アップル(Apple)　Z0X80008D　MacBook　Air　2020年　CTOモデル　13.3インチ　1.2GHz　4コアCore　i7　SSD512GB　メモリ16GB　スペースグレイ　CTOMBA130005,186780,https://www.yamada-denkiweb.com/6995230019
