https://cache.ymall.jp/webcom/item/multiimage/300/7163259016_001.jpg,Xiaomi（シャオミ）　SIMフリースマートフォン　Redmi　Note　9S　Aurora　Blue　6GB　RAM　128GB　ROM　オーロラブルー,29800,https://www.yamada-denkiweb.com//7163259016
https://cache.ymall.jp/webcom/item/multiimage/300/7163260012_001.jpg,Xiaomi（シャオミ）　SIMフリースマートフォン　Redmi　Note　9S　Glacier　White　6GB　RAM　128GB　ROM　グレイシャーホワイト,29800,https://www.yamada-denkiweb.com//7163260012
https://cache.ymall.jp/webcom/item/multiimage/300/7163261019_001.jpg,Xiaomi（シャオミ）　SIMフリースマートフォン　Mi　Note　10　Lite　Glacier　White　6GB　RAM　128GB　ROM　グレイシャーホワイト,44800,https://www.yamada-denkiweb.com//7163261019
https://cache.ymall.jp/webcom/item/multiimage/300/7163257012_001.jpg,OPPO　CPH2013　WH　SIMフリースマートフォン　Reno3　A　ホワイト,39800,https://www.yamada-denkiweb.com//7163257012
https://cache.ymall.jp/webcom/item/multiimage/300/7163191019_001.jpg,シャープ　SH-M12C　AQUOS　sense3　ライトカッパー　SIMフリースマートフォン,36190,https://www.yamada-denkiweb.com//7163191019
https://cache.ymall.jp/webcom/item/multiimage/300/7163209011_001.jpg,ASUS　ZB633KL-BL64S4　SIMフリースマートフォン　ZenFone　Max　M2　スペースブルー,21450,https://www.yamada-denkiweb.com//7163209011
https://cache.ymall.jp/webcom/item/multiimage/300/7163131015_001.jpg,Huawei(ファーウェイ)　P30　lite／Pearl　White／51093NRV,28380,https://www.yamada-denkiweb.com//7163131015
https://cache.ymall.jp/webcom/item/multiimage/300/7163215012_001.jpg,ASUS　ZB631KL-BL64S6　SIMフリースマートフォン　Zenfone　Max　Pro　M2　　ミッドナイトブルー,41250,https://www.yamada-denkiweb.com//7163215012
https://cache.ymall.jp/webcom/item/multiimage/300/7163130018_001.jpg,Huawei(ファーウェイ)　P30　lite／Peacock　Blue／51093NRT,28380,https://www.yamada-denkiweb.com//7163130018
https://cache.ymall.jp/webcom/item/multiimage/300/7163214015_001.jpg,シャープ　SH-M11-W　SIMフリースマホ　AQUOS　sense3　plus　128GB　ホワイト,64680,https://www.yamada-denkiweb.com//7163214015
https://cache.ymall.jp/webcom/item/multiimage/300/7163213018_001.jpg,シャープ　SH-M11-B　SIMフリースマホ　AQUOS　sense3　plus　128GB　ブラック,64680,https://www.yamada-denkiweb.com//7163213018
https://cache.ymall.jp/webcom/item/multiimage/300/7163081013_001.jpg,シャープ　AQUOS　R2　compact　ピュアブラック「SHM09B」Snapdragon　845　5.2型　ハイスピードIGZO　メモリ4GB／ストレージ64GB　SIMフリースマートフォン,54780,https://www.yamada-denkiweb.com//7163081013
https://cache.ymall.jp/webcom/item/multiimage/300/7163258019_001.jpg,OPPO　CPH2013　BK　SIMフリースマートフォン　Reno3　A　ブラック,39800,https://www.yamada-denkiweb.com//7163258019
https://cache.ymall.jp/webcom/item/multiimage/300/7163212011_001.jpg,シャープ　SH-M11-A　SIMフリースマホ　AQUOS　sense3　plus　128GB　ムーンブルー,64680,https://www.yamada-denkiweb.com//7163212011
https://cache.ymall.jp/webcom/item/multiimage/300/7163129012_001.jpg,Huawei(ファーウェイ)　P30　lite／Midnight　Black／51093NRR,28380,https://www.yamada-denkiweb.com//7163129012
https://cache.ymall.jp/webcom/item/multiimage/300/7163236017_001.jpg,シャープ　SH-M13-B　SIMフリー携帯　AQUOS　zero2　アストロブラック,113960,https://www.yamada-denkiweb.com//7163236017
https://cache.ymall.jp/webcom/item/multiimage/300/7163190012_001.jpg,シャープ　SH-M12B　AQUOS　sense3　ブラック　SIMフリースマートフォン,36190,https://www.yamada-denkiweb.com//7163190012
https://cache.ymall.jp/webcom/item/multiimage/300/7163192016_001.jpg,シャープ　SH-M12S　AQUOS　sense3　シルバーホワイト　SIMフリースマートフォン,36190,https://www.yamada-denkiweb.com//7163192016
https://cache.ymall.jp/webcom/item/multiimage/300/7163262016_001.jpg,Xiaomi（シャオミ）　SIMフリースマートフォン　Mi　Note　10　Lite　Nebula　Purple　6GB　RAM　128GB　ROM　ネビュラパープル,44800,https://www.yamada-denkiweb.com//7163262016
https://cache.ymall.jp/webcom/item/multiimage/300/7163208014_001.jpg,ASUS　ZB633KL-BK64S4　SIMフリースマートフォン　ZenFone　Max　M2　ミッドナイトブラック,21450,https://www.yamada-denkiweb.com//7163208014
https://cache.ymall.jp/webcom/item/multiimage/300/7163057018_001.jpg,ASUS　ZA550KL-GD32　SIMフリースマートフォン　ZenFone　Live　L1　　シマーゴールド,18480,https://www.yamada-denkiweb.com//7163057018
https://cache.ymall.jp/webcom/item/multiimage/300/7163028018_001.jpg,ASUS　ZB555KL-RD32S3　SIMフリースマートフォン　「Zenfone　Max　M1　Series」　5.5インチ／メモリ　3GB／ストレージ　32GB　ルビーレッド,18590,https://www.yamada-denkiweb.com//7163028018
https://cache.ymall.jp/webcom/item/multiimage/300/7163055014_001.jpg,ASUS　ZA550KL-BK32　SIMフリースマートフォン　ZenFone　Live　L1　　ミッドナイトブラック,18480,https://www.yamada-denkiweb.com//7163055014
https://cache.ymall.jp/webcom/item/multiimage/300/7163025017_001.jpg,フューチャーモデル　MOB-N18-01-WH　SIMフリー携帯電話　Android　6.0搭載　「NichePhone-S　4G」　白,14080,https://www.yamada-denkiweb.com//7163025017
https://cache.ymall.jp/webcom/item/multiimage/300/7163210017_001.jpg,富士通　ASMC01001　SIMフリースマートフォン　arrows　M05　ジェットブラック,38852,https://www.yamada-denkiweb.com//7163210017
https://cache.ymall.jp/webcom/item/multiimage/300/7163182017_001.jpg,OPPO　CPH1943　BL　SIMフリースマートフォン　Aシリーズ　A5　2020　ブルー,29480,https://www.yamada-denkiweb.com//7163182017
https://cache.ymall.jp/webcom/item/multiimage/300/7163237014_001.jpg,ＨＵＡＷＥＩ　nova　5T／Crush　Green　NOVA　5T／CRUSH　GREEN,49280,https://www.yamada-denkiweb.com//7163237014
https://cache.ymall.jp/webcom/item/multiimage/300/7163186015_001.jpg,"HUAWEI（ファーウェイ）nova　5T／Midsummer　Purple　画面占有率約91.7％のフルビューディスプレイ　HUAWEI　Kirin　980搭載　3,750Ahmの大容量バッテリー",49280,https://www.yamada-denkiweb.com//7163186015
https://cache.ymall.jp/webcom/item/multiimage/300/7162613017_001.jpg,Motorola　AP3753AD1J4　SIMフリースマートフォン　moto　g4PLUS　ホワイト,22880,https://www.yamada-denkiweb.com//7162613017
https://cache.ymall.jp/webcom/item/multiimage/300/7163185018_001.jpg,"HUAWEI（ファーウェイ）nova　5T／Crush　Blue　画面占有率約91.7％のフルビューディスプレイ　HUAWEI　Kirin　980搭載　3,750Ahmの大容量バッテリー",49280,https://www.yamada-denkiweb.com//7163185018
https://cache.ymall.jp/webcom/item/multiimage/300/7163148013_001.jpg,UN.MODE　UM-01_BK　UN.MODE_PHONE01　Black,8921,https://www.yamada-denkiweb.com//7163148013
https://cache.ymall.jp/webcom/item/multiimage/300/7162801018_001.jpg,ASUS　ZE552KL-WH64S4　SIMフリースマートフォン　Android　6.0.1・5.5型　「Zenfone　3」　パールホワイト,43780,https://www.yamada-denkiweb.com//7162801018
https://cache.ymall.jp/webcom/item/multiimage/300/7163153017_001.jpg,Huawei(ファーウェイ)　nova　lite　3／Aurora　Blue,19680,https://www.yamada-denkiweb.com//7163153017
https://cache.ymall.jp/webcom/item/multiimage/300/7163154014_001.jpg,Huawei(ファーウェイ)　nova　lite　3／Coral　Red,19680,https://www.yamada-denkiweb.com//7163154014
https://cache.ymall.jp/webcom/item/multiimage/300/7163155011_001.jpg,Huawei(ファーウェイ)　　nova　lite　3／Midnight　Black,19680,https://www.yamada-denkiweb.com//7163155011
https://cache.ymall.jp/webcom/item/multiimage/300/7162993010_001.jpg,ASUS　ZC600KL-BK64S4　SIMフリースマートフォン　Zenfone　5Q　64GB　ミッドナイトブラック,38159,https://www.yamada-denkiweb.com//7162993010
https://cache.ymall.jp/webcom/item/multiimage/300/7163145012_001.jpg,OPPO　CPH1919(OG)　SIMフリースマートフォン　Reno　10x　Zoom　オーシャングリーン,107866,https://www.yamada-denkiweb.com//7163145012
https://cache.ymall.jp/webcom/item/multiimage/300/7163229019_001.jpg,モトローラ　PAGE0020JP　SIMフリースマートフォン　moto　g8　plus　ポイズンベリー,38800,https://www.yamada-denkiweb.com//7163229019
https://cache.ymall.jp/webcom/item/multiimage/300/7163228012_001.jpg,モトローラ　PAGE0013JP　SIMフリースマートフォン　moto　g8　plus　コズミックブルー,38800,https://www.yamada-denkiweb.com//7163228012
https://cache.ymall.jp/webcom/item/multiimage/300/7163079010_001.jpg,WIKO　W-V600(BLEEN)　SIMフリースマートフォン　Wiko　Tommy3　Plus,16280,https://www.yamada-denkiweb.com//7163079010
https://cache.ymall.jp/webcom/item/multiimage/300/7163184011_001.jpg,"HUAWEI（ファーウェイ）nova　5T／Black　画面占有率約91.7％のフルビューディスプレイ　HUAWEI　Kirin　980搭載　3,750Ahmの大容量バッテリー",49280,https://www.yamada-denkiweb.com//7163184011
https://cache.ymall.jp/webcom/item/multiimage/300/7162944012_001.jpg,シャープ　SH-M06W　SIMフリースマートフォン　Android　8.0・4.9型・メモリ／ストレージ：3GB／32GB　「AQUOS　R　compact」　ホワイト,65780,https://www.yamada-denkiweb.com//7162944012
https://cache.ymall.jp/webcom/item/multiimage/300/7162845012_001.jpg,Huawei(ファーウェイ)　VKY-L29-GREEN　5.5インチ液晶　Android7.0搭載　SIMフリースマートフォン　「P10　Plus」　グリーナリー,49280,https://www.yamada-denkiweb.com//7162845012
https://cache.ymall.jp/webcom/item/multiimage/300/7163069011_001.jpg,シャープ　SH-M08A　SIMフリースマートフォン　AQUOS　sense2　5.5型　メモリ／ストレージ：3GB／32GB　アーバンブルー,30580,https://www.yamada-denkiweb.com//7163069011
https://cache.ymall.jp/webcom/item/multiimage/300/7163023013_001.jpg,MAYA　SYSTEM　G1701-CG　jetfon　シャンパンゴールド　MAYA　jetfon　　シャンパンゴールド,19390,https://www.yamada-denkiweb.com//7163023013
https://cache.ymall.jp/webcom/item/multiimage/300/7163011010_001.jpg,Huawei(ファーウェイ)　P20／BLACK　SIMフリースマートフォン　「HUAWEI　P20」　ブラック,54780,https://www.yamada-denkiweb.com//7163011010
https://cache.ymall.jp/webcom/item/multiimage/300/7163010013_001.jpg,Huawei(ファーウェイ)　P20／BLUE　SIMフリースマートフォン　「HUAWEI　P20」　ミッドナイトブルー,54780,https://www.yamada-denkiweb.com//7163010013
https://cache.ymall.jp/webcom/item/multiimage/300/7163132012_001.jpg,HUAWEI(ファーウェイ)　　P30／Breathing　Crystal／51093PYE,84799,https://www.yamada-denkiweb.com//7163132012
https://cache.ymall.jp/webcom/item/multiimage/300/7163144015_001.jpg,OPPO　CPH1919(JB)　SIMフリースマートフォン　Reno　10x　Zoom　ジェットブラック,107866,https://www.yamada-denkiweb.com//7163144015
https://cache.ymall.jp/webcom/item/multiimage/300/7163211014_001.jpg,富士通　ASMC01002　SIMフリースマートフォン　arrows　M05　アイスホワイト,38852,https://www.yamada-denkiweb.com//7163211014
https://cache.ymall.jp/webcom/item/multiimage/300/7163255018_001.jpg,ＨＵＡＷＥＩ（ファーウェイ）　nova　lite　3+/Aurora　Blue　NOVA　LITE　3+/BLUE　/128GBの大容量メモリ,26800,https://www.yamada-denkiweb.com//7163255018
https://cache.ymall.jp/webcom/item/multiimage/300/7163149010_001.jpg,UN.MODE　UM-01_MB　UN.MODE_PHONE01　MatteBlack,8921,https://www.yamada-denkiweb.com//7163149010
https://cache.ymall.jp/webcom/item/multiimage/300/7162520018_001.jpg,ASUS　ZX551ML-BK64S4PL　［LTE対応］SIMフリースマートフォン　Android　5.0搭載　5.5インチ　「ZenFone　Zoom」　64GB　スタンダードブラック,22880,https://www.yamada-denkiweb.com//7162520018
https://cache.ymall.jp/webcom/item/multiimage/300/7162647012_001.jpg,ASUS　ZS570KL-GD256S6　SIMフリースマートフォン　ZenFone3　Deluxe　256GB　ゴールド,98780,https://www.yamada-denkiweb.com//7162647012
https://cache.ymall.jp/webcom/item/multiimage/300/7162522012_001.jpg,ASUS　ZX551ML-BK64S4　［LTE対応］SIMフリースマートフォン　Android　5.0搭載　5.5インチ　「ZenFone　Zoom」　64GB　プレミアムレザーブラック,27280,https://www.yamada-denkiweb.com//7162522012
https://cache.ymall.jp/webcom/item/multiimage/300/7163040010_001.jpg,OPPO　FINDXRD　SIMフリースマートホン　OPPO　Find　X　ワインレッド,98780,https://www.yamada-denkiweb.com//7163040010
https://cache.ymall.jp/webcom/item/multiimage/300/7162521015_001.jpg,ASUS　ZX551ML-WH64S4PL　［LTE対応］SIMフリースマートフォン　Android　5.0搭載　5.5インチ　「ZenFone　Zoom」　64GB　スタンダードホワイト,22880,https://www.yamada-denkiweb.com//7162521015
https://cache.ymall.jp/webcom/item/multiimage/300/7162612010_001.jpg,Motorola　AP3753AE7J4　SIMフリースマートフォン　moto　g4PLUS　ブラック,22880,https://www.yamada-denkiweb.com//7162612010
https://cache.ymall.jp/webcom/item/multiimage/300/7163152010_001.jpg,UN.MODE　UM-01_W　UN.MODE_PHONE01　White,8921,https://www.yamada-denkiweb.com//7163152010
https://cache.ymall.jp/webcom/item/multiimage/300/7162431017_001.jpg,ASUS　ZD551KL-WH16　SIMフリースマートフォン　ZenFone　Selfie　ホワイト,12980,https://www.yamada-denkiweb.com//7162431017
https://cache.ymall.jp/webcom/item/multiimage/300/7163269015_001.jpg,HUAWEI（ファーウェイ）　P40　lite　5G/Crush　Green　P40　LITE　5G/GR,43780,https://www.yamada-denkiweb.com//7163269015
https://cache.ymall.jp/webcom/item/multiimage/300/7163267011_001.jpg,HUAWEI（ファーウェイ）　P40　lite　E/Aurora　Blue　P40　LITE　E/BL　※5G非対応,27280,https://www.yamada-denkiweb.com//7163267011
https://cache.ymall.jp/webcom/item/multiimage/300/7163270011_001.jpg,HUAWEI（ファーウェイ）　P40　lite　5G/Space　Silver　P40　LITE　5G/SV,43780,https://www.yamada-denkiweb.com//7163270011
https://cache.ymall.jp/webcom/item/multiimage/300/7163271018_001.jpg,HUAWEI（ファーウェイ）　P40　Pro/Black　P40　PRO/BK,119680,https://www.yamada-denkiweb.com//7163271018
https://cache.ymall.jp/webcom/item/multiimage/300/7163254011_001.jpg,ＨＵＡＷＥＩ（ファーウェイ）　nova　lite　3+/Midnight　Black　NOVA　LITE　3+/BLACK　/128GBの大容量メモリ,26800,https://www.yamada-denkiweb.com//7163254011
https://cache.ymall.jp/webcom/item/multiimage/300/7163272015_001.jpg,HUAWEI（ファーウェイ）P40　Pro／Silver　Frost　P40　PRO／SV,119680,https://www.yamada-denkiweb.com//7163272015
https://cache.ymall.jp/webcom/item/multiimage/300/7163266014_001.jpg,HUAWEI（ファーウェイ）　P40　lite　E/Midnight　Black　P40　LITE　E/BK　※5G非対応モデル,27280,https://www.yamada-denkiweb.com//7163266014
https://cache.ymall.jp/webcom/item/multiimage/300/7163268018_001.jpg,HUAWEI（ファーウェイ）　P40　lite　5G/Midnight　Black　P40　LITE　5G/BK,43780,https://www.yamada-denkiweb.com//7163268018
https://cache.ymall.jp/webcom/item/multiimage/300/7162519012_001.jpg,ASUS　ZX551ML-WH32S4PL　［LTE対応］SIMフリースマートフォン　Android　5.0搭載　5.5インチ　「ZenFone　Zoom」　32GB　スタンダードホワイト,21780,https://www.yamada-denkiweb.com//7162519012
https://cache.ymall.jp/webcom/item/multiimage/300/7163183014_001.jpg,OPPO　CPH1943　GR　SIMフリースマートフォン　Aシリーズ　A5　2020　グリーン,29480,https://www.yamada-denkiweb.com//7163183014
https://cache.ymall.jp/webcom/item/multiimage/300/7162580012_001.jpg,シャープ　SR-01MW　SIMフリースマートフォン　モバイル型ロボット電話　「RoBoHoN（ロボホン）」,215600,https://www.yamada-denkiweb.com//7162580012
https://cache.ymall.jp/webcom/item/multiimage/300/7163126011_001.jpg,さくらネット　U1-CA　Mayumi　U1　カーボンファイバー,29890,https://www.yamada-denkiweb.com//7163126011
https://cache.ymall.jp/webcom/item/multiimage/300/7163150016_001.jpg,UN.MODE　UM-01_R　UN.MODE_PHONE01　Red,8921,https://www.yamada-denkiweb.com//7163150016
https://cache.ymall.jp/webcom/item/multiimage/300/7162889016_001.jpg,ASUS　ZD552KL-GD64S4　SIMフリースマートフォン　5.5型ワイド　「ZenFone　4　Selfie　Pro」　サンライトゴールド,35178,https://www.yamada-denkiweb.com//7162889016
https://cache.ymall.jp/webcom/item/multiimage/300/7163151013_001.jpg,UN.MODE　UM-01_S　UN.MODE_PHONE01　Silver,8921,https://www.yamada-denkiweb.com//7163151013
https://cache.ymall.jp/webcom/item/multiimage/300/7163127018_001.jpg,さくらネット　U1－TW　Mayumi　U1　トワイライトカラー,29890,https://www.yamada-denkiweb.com//7163127018
https://cache.ymall.jp/webcom/item/multiimage/300/7163128015_001.jpg,MAYASYSTEM　ELTP18A04-BK　jetfon　P6　ブラック,17820,https://www.yamada-denkiweb.com//7163128015
https://cache.ymall.jp/webcom/item/multiimage/300/7163133019_001.jpg,HUAWEI（ファーウェイ）P30／Aurora／51093TYS,84799,https://www.yamada-denkiweb.com//7163133019
https://cache.ymall.jp/webcom/item/multiimage/300/7163140017_001.jpg,モトローラ　PADY0001JP　Moto　G7　4／64GB　Clear　White,29590,https://www.yamada-denkiweb.com//7163140017
https://cache.ymall.jp/webcom/item/multiimage/300/7163077016_001.jpg,WIKO　W-V600(ANTHRACITE　MATTE)　SIMフリースマートフォン　Wiko　Tommy3　Plus,16280,https://www.yamada-denkiweb.com//7163077016
https://cache.ymall.jp/webcom/item/multiimage/300/7162991016_001.jpg,ASUS　ZC600KL-RD64S4　SIMフリースマートフォン　Zenfone　5Q　64GB　ルージュレッド,38159,https://www.yamada-denkiweb.com//7162991016
https://cache.ymall.jp/webcom/item/multiimage/300/7162968018_001.jpg,ASUS　ZB570TL-SL32S4　SIMフリースマートフォン　「Zenfone　Max　Plus　M1」　アズールシルバー　32GB,16280,https://www.yamada-denkiweb.com//7162968018
https://cache.ymall.jp/webcom/item/multiimage/300/7162891019_001.jpg,ASUS　ZD552KL-BK64S4　SIMフリースマートフォン　5.5型ワイド　「ZenFone　4　Selfie　Pro」　ネイビーブラック,35178,https://www.yamada-denkiweb.com//7162891019
https://cache.ymall.jp/webcom/item/multiimage/300/7163007013_001.jpg,Huawei(ファーウェイ)　P20LITE／BLACK　SIMフリースマートフォン　「HUAWEI　P20　lite」　ミッドナイトブラック,14080,https://www.yamada-denkiweb.com//7163007013
https://cache.ymall.jp/webcom/item/multiimage/300/7162432014_001.jpg,ASUS　ZD551KL-PK16　SIMフリースマートフォン　ZenFone　Selfie　ピンク,12980,https://www.yamada-denkiweb.com//7162432014
https://cache.ymall.jp/webcom/item/multiimage/300/7162892016_001.jpg,ASUS　ZE554KL-BK64S6　SIMフリースマートフォン　5.5型ワイド　「ZenFone　4」　ミッドナイトブラック,49280,https://www.yamada-denkiweb.com//7162892016
https://cache.ymall.jp/webcom/item/multiimage/300/7162644011_001.jpg,ASUS　ZS550KL-SL64S4　SIMフリースマートフォン　ZenFone3　Deluxe　64G　シルバー,47080,https://www.yamada-denkiweb.com//7162644011
https://cache.ymall.jp/webcom/item/multiimage/300/7162792019_001.jpg,HUAWEI(ファーウェイ)　E5577s-324／51071LVU　カードサイズで大容量バッテリー搭載のWi-Fiルーター,8509,https://www.yamada-denkiweb.com//7162792019
https://cache.ymall.jp/webcom/item/multiimage/300/7162595016_001.jpg,富士通　FARM06106　SIMフリースマートフォン　「arrows　M03」　ホワイト,27280,https://www.yamada-denkiweb.com//7162595016
https://cache.ymall.jp/webcom/item/multiimage/300/7162996011_001.jpg,ASUS　ZS620KL-BK128S6　SIMフリースマートフォン　Zenfone　5Z　128GB　シャイニーブラック,61292,https://www.yamada-denkiweb.com//7162996011
https://cache.ymall.jp/webcom/item/multiimage/300/7162728018_001.jpg,freetel(フリーテル)　FTJ162B-KIWAMI2-SI　Android　6.0・5.7型　SIMフリースマートフォン　「SAMURAI　極2　-KIWAMI2-」　メタルシルバー,18700,https://www.yamada-denkiweb.com//7162728018
https://cache.ymall.jp/webcom/item/multiimage/300/7162430010_001.jpg,ASUS　ZD551KL-BL16　SIMフリースマートフォン　ZenFone　Selfie　アクアブルー,12980,https://www.yamada-denkiweb.com//7162430010
https://cache.ymall.jp/webcom/item/multiimage/300/7163024010_001.jpg,フューチャーモデル　MOB-N18-01-BK　SIMフリー携帯電話　Android　6.0搭載　「NichePhone-S　4G」　黒,14080,https://www.yamada-denkiweb.com//7163024010
https://cache.ymall.jp/webcom/item/multiimage/300/7163032015_001.jpg,OPPO　R15NEO4GPK　SIMフリースマートフォン　Android　8.1　6.2型　メモリ／ストレージ:4GB／64GB　ダイヤモンドピンク,27280,https://www.yamada-denkiweb.com//7163032015
https://cache.ymall.jp/webcom/item/multiimage/300/7162591018_001.jpg,ASUS　ZB551KL-RD16　［LTE対応］SIMフリースマートフォン　ZenFone　Go　レッド,5478,https://www.yamada-denkiweb.com//7162591018
https://cache.ymall.jp/webcom/item/multiimage/300/7162645018_001.jpg,ASUS　ZS550KL-GD64S4　SIMフリースマートフォン　ZenFone3　Deluxe　64G　ゴールド,47080,https://www.yamada-denkiweb.com//7162645018
https://cache.ymall.jp/webcom/item/multiimage/300/7162932019_001.jpg,ASUS　ZC520KL-PK32S3　SIMフリースマートフォン　Android　7.1.1・5.2型　「ZenFone　4　Max」　32GB　ローズピンク,20141,https://www.yamada-denkiweb.com//7162932019
https://cache.ymall.jp/webcom/item/multiimage/300/7163012017_001.jpg,Huawei(ファーウェイ)　P20／PINK　SIMフリースマートフォン　「HUAWEI　P20」　ピンクゴールド,54780,https://www.yamada-denkiweb.com//7163012017
https://cache.ymall.jp/webcom/item/multiimage/300/7163156018_001.jpg,ASUS　ZS630KL-BK128S6　SIMフリースマートフォン　ZenFone　6　ミッドナイトブラック,76450,https://www.yamada-denkiweb.com//7163156018
https://cache.ymall.jp/webcom/item/multiimage/300/7163027011_001.jpg,ASUS　ZB555KL-GD32S3　SIMフリースマートフォン　「Zenfone　Max　M1　Series」　5.5インチ／メモリ　3GB／ストレージ　32GB　ピンクゴールド,18590,https://www.yamada-denkiweb.com//7163027011
https://cache.ymall.jp/webcom/item/multiimage/300/7162969015_001.jpg,ASUS　ZB570TL-GD32S4　SIMフリースマートフォン　「Zenfone　Max　Plus　M1」　サンライトゴールド　32GB,16280,https://www.yamada-denkiweb.com//7162969015
https://cache.ymall.jp/webcom/item/multiimage/300/7162890012_001.jpg,ASUS　ZD552KL-RD64S4　SIMフリースマートフォン　5.5型ワイド　「ZenFone　4　Selfie　Pro」　クラシックレッド,35178,https://www.yamada-denkiweb.com//7162890012
https://cache.ymall.jp/webcom/item/multiimage/300/7163031018_001.jpg,OPPO　R15NEO4GBL　SIMフリースマートフォン　Android　8.1　6.2型　メモリ／ストレージ:4GB／64GB　ダイヤモンドブルー,27280,https://www.yamada-denkiweb.com//7163031018
https://cache.ymall.jp/webcom/item/multiimage/300/7163072011_001.jpg,シャープ　SH-M08Y　SIMフリースマートフォン　AQUOS　sense2　5.5型　メモリ／ストレージ：3GB／32GB　アッシュイエロー,30580,https://www.yamada-denkiweb.com//7163072011
https://cache.ymall.jp/webcom/item/multiimage/300/7162726014_001.jpg,ASUS　ZC551KL-GD32S4　SIMフリースマートフォン　Android　6.0.1・5.5型ワイド　「ZenFone　3　Laser」　ゴールド,27280,https://www.yamada-denkiweb.com//7162726014
https://cache.ymall.jp/webcom/item/multiimage/300/7162905013_001.jpg,モトローラ　PA6V0074JP　SIMフリースマートフォン　「Moto　G5s　PLUS」　Android　7.1.1・5.5型・メモリ／ストレージ：4GB／32GB　ルナグレー,25949,https://www.yamada-denkiweb.com//7162905013
https://cache.ymall.jp/webcom/item/multiimage/300/7162802015_001.jpg,ASUS　ZE520KL-GD32S3　SIMフリースマートフォン　Android　6.0.1・5.2型　「Zenfone　3」　クリスタルゴールド,16280,https://www.yamada-denkiweb.com//7162802015
https://cache.ymall.jp/webcom/item/multiimage/300/7163006016_001.jpg,モトローラ　PACH0011JP　Android　8.0搭載　メモリ／ストレージ：2GB／16GB　SIMフリースマートフォン　「Moto　E5」　フラッシュグレー,15099,https://www.yamada-denkiweb.com//7163006016
https://cache.ymall.jp/webcom/item/multiimage/300/7162992013_001.jpg,ASUS　ZC600KL-WH64S4　SIMフリースマートフォン　Zenfone　5Q　64GB　ムーンライトホワイト,38159,https://www.yamada-denkiweb.com//7162992013
https://cache.ymall.jp/webcom/item/multiimage/300/7163071014_001.jpg,シャープ　SH-M08S　SIMフリースマートフォン　AQUOS　sense2　5.5型　メモリ／ストレージ：3GB／32GB　ホワイトシルバー,30580,https://www.yamada-denkiweb.com//7163071014
https://cache.ymall.jp/webcom/item/multiimage/300/7162967011_001.jpg,ASUS　ZB570TL-BK32S4　SIMフリースマートフォン　「Zenfone　Max　Plus　M1」　ディープシーブラック　32GB,16280,https://www.yamada-denkiweb.com//7162967011
https://cache.ymall.jp/webcom/item/multiimage/300/7162582016_001.jpg,freetel（フリーテル）　FTJ161B-REI-SL　SIMフリースマートフォン　「FREETEL　REI　麗」　32G　メタルシルバー,11880,https://www.yamada-denkiweb.com//7162582016
https://cache.ymall.jp/webcom/item/multiimage/300/7162879017_001.jpg,ASUS　ZB501KL-GD16　SIMフリースマートフォン　ZenFone　Live　(ZB501KL)　　シャンパンゴールド,10978,https://www.yamada-denkiweb.com//7162879017
https://cache.ymall.jp/webcom/item/multiimage/300/7162592015_001.jpg,ASUS　ZB551KL-PK16　［LTE対応］SIMフリースマートフォン　ZenFone　Go　ピンク,5478,https://www.yamada-denkiweb.com//7162592015
https://cache.ymall.jp/webcom/item/multiimage/300/7162916019_001.jpg,シャープ　SH-M05-W　SIMフリースマートフォン　Android　7.1　5.0型　「AQUOS（アクオス）」　ホワイト,16280,https://www.yamada-denkiweb.com//7162916019
https://cache.ymall.jp/webcom/item/multiimage/300/7162642017_001.jpg,ASUS　ZE520KL-BK32S3　SIMフリースマートフォン　Zenfone3　32G　サファイアブラック,16280,https://www.yamada-denkiweb.com//7162642017
https://cache.ymall.jp/webcom/item/multiimage/300/7162570013_001.jpg,ASUS　ZB551KL-BK16　［LTE対応］SIMフリースマートフォン　ZenFone　Go　ブラック,5478,https://www.yamada-denkiweb.com//7162570013
https://cache.ymall.jp/webcom/item/multiimage/300/7162931012_001.jpg,ASUS　ZC520KL-GD32S3　SIMフリースマートフォン　Android　7.1.1・5.2型　「ZenFone　4　Max」　32GB　サンライトゴールド,20141,https://www.yamada-denkiweb.com//7162931012
https://cache.ymall.jp/webcom/item/multiimage/300/7163008010_001.jpg,Huawei(ファーウェイ)　P20LITE／BLUE　SIMフリースマートフォン　「HUAWEI　P20　lite」　クラインブルー,14080,https://www.yamada-denkiweb.com//7163008010
https://cache.ymall.jp/webcom/item/multiimage/300/7163080016_001.jpg,WIKO　W-V600(CHERRY　RED)　SIMフリースマートフォン　Wiko　Tommy3　Plus,16280,https://www.yamada-denkiweb.com//7163080016
https://cache.ymall.jp/webcom/item/multiimage/300/7163037010_001.jpg,HUAWEI(ファーウェイ)　NOVA3／BLACK　SIMフリースマートフォン　nova　3　ブラック,27280,https://www.yamada-denkiweb.com//7163037010
https://cache.ymall.jp/webcom/item/multiimage/300/7163009017_001.jpg,Huawei(ファーウェイ)　P20LITE／PINK　SIMフリースマートフォン　「HUAWEI　P20　lite」　サクラピンク,14080,https://www.yamada-denkiweb.com//7163009017
https://cache.ymall.jp/webcom/item/multiimage/300/7162893013_001.jpg,ASUS　ZE554KL-WH64S6　SIMフリースマートフォン　5.5型ワイド　「ZenFone　4」　ムーンライトホワイト,49280,https://www.yamada-denkiweb.com//7162893013
https://cache.ymall.jp/webcom/item/multiimage/300/7163070017_001.jpg,シャープ　SH-M08B　SIMフリースマートフォン　AQUOS　sense2　5.5型　メモリ／ストレージ：3GB／32GB　ニュアンスブラック,30580,https://www.yamada-denkiweb.com//7163070017
https://cache.ymall.jp/webcom/item/multiimage/300/7163112014_001.jpg,ASUS　ZB633KL-BK32S4　SIMフリースマートフォン　Zenfone　Max　M2　ミッドナイトブラック,18150,https://www.yamada-denkiweb.com//7163112014
https://cache.ymall.jp/webcom/item/multiimage/300/7162880013_001.jpg,ASUS　ZB501KL-PK16　SIMフリースマートフォン　ZenFone　Live　(ZB501KL)　　ローズピンク,10978,https://www.yamada-denkiweb.com//7162880013
https://cache.ymall.jp/webcom/item/multiimage/300/7163146019_001.jpg,MAYASYSTEM　ELTP18A04-WH　jetfon　P6　ホワイト,13992,https://www.yamada-denkiweb.com//7163146019
https://cache.ymall.jp/webcom/item/multiimage/300/7163042014_001.jpg,ASUS　ZS600KL-BK512S8　SIMフリースマートフォン　ROG　Phone　　ブラック,54800,https://www.yamada-denkiweb.com//7163042014
https://cache.ymall.jp/webcom/item/multiimage/300/7162846019_001.jpg,Huawei(ファーウェイ)　VKY-L29-GOLD　5.5インチ液晶　Android7.0搭載　SIMフリースマートフォン　「P10　Plus」　ダズリングゴールド,49280,https://www.yamada-denkiweb.com//7162846019
https://cache.ymall.jp/webcom/item/multiimage/300/7163147016_001.jpg,MAYASYSTEM　ELTP18A04-GD　jetfon　P6　ゴールド,13992,https://www.yamada-denkiweb.com//7163147016
https://cache.ymall.jp/webcom/item/multiimage/300/7163078013_001.jpg,WIKO　W-V600(ANTHRACITE　MIRROR)　SIMフリースマートフォン　Wiko　Tommy3　Plus,16280,https://www.yamada-denkiweb.com//7163078013
https://cache.ymall.jp/webcom/item/multiimage/300/7163157015_001.jpg,ASUS　ZS630KL-SL128S6　SIMフリースマートフォン　ZenFone　6　トワイライトシルバー,76450,https://www.yamada-denkiweb.com//7163157015
https://cache.ymall.jp/webcom/item/multiimage/300/7163113011_001.jpg,ASUS　ZB633KL-BL32S4　SIMフリースマートフォン　Zenfone　Max　M2　　スペースブルー,18150,https://www.yamada-denkiweb.com//7163113011
https://cache.ymall.jp/webcom/item/multiimage/300/7163050019_001.jpg,HUAWEI（ファーウェイ）　Mate　20　Pro　／　Midnight　Blue　／　51093BPK,99616,https://www.yamada-denkiweb.com//7163050019
https://cache.ymall.jp/webcom/item/multiimage/300/7163159019_001.jpg,ASUS　ZS630KL-SL256S8　SIMフリースマートフォン　ZenFone　6　トワイライトシルバー,90750,https://www.yamada-denkiweb.com//7163159019
https://cache.ymall.jp/webcom/item/multiimage/300/7162871011_001.jpg,モトローラ　AP3835AC3J4　SIMフリースマートフォン　moto　Z2　Play　ルナグレー,32780,https://www.yamada-denkiweb.com//7162871011
https://cache.ymall.jp/webcom/item/multiimage/300/7163139011_001.jpg,モトローラ　PADY0000JP　Moto　G7　4／64GB　Ceramic　Black,29590,https://www.yamada-denkiweb.com//7163139011
https://cache.ymall.jp/webcom/item/multiimage/300/7163193013_001.jpg,ASUS　ZS660KL-BK512R12　SIMフリースマートフォン　ROG　Phone　2　ブラックグレア,112570,https://www.yamada-denkiweb.com//7163193013
https://cache.ymall.jp/webcom/item/multiimage/300/7162800011_001.jpg,ASUS　ZE552KL-BK64S4　SIMフリースマートフォン　Android　6.0.1・5.5型　「Zenfone　3」　サファイヤブラック,43780,https://www.yamada-denkiweb.com//7162800011
https://cache.ymall.jp/webcom/item/multiimage/300/7162725017_001.jpg,ASUS　ZC551KL-SL32S4　SIMフリースマートフォン　Android　6.0.1・5.5型ワイド　「ZenFone　3　Laser」　シルバー,27280,https://www.yamada-denkiweb.com//7162725017
