https://image.yodobashi.com/product/100/000/001/005/260/249/100000001005260249_10205.jpg,シャープ SHARPSH-M12S AQUOS sense3 シルバーホワイト [SIMフリースマートフォン],36080,https://www.yodobashi.com/product/100000001005260249/
https://image.yodobashi.com/product/100/000/001/004/160/585/100000001004160585_10205.jpg,ASUS エイスースZS600KL-BK512S8 [ROG Phone Series/6.0”2160x1080 (FHD＋)/Android 8.1/Qualcomm Snapdragon 845 2.96GHz/RAM 8GB/eMMC 512GB/802.11ad/BT5/LTE対応/指紋センサ/Air/ブラック],54800,https://www.yodobashi.com/product/100000001004160585/
https://image.yodobashi.com/product/100/000/001/005/325/540/100000001005325540_10205.jpg,ASUS エイスースZB631KL-BL64S6 [Zenfone Max Pro M2 Series SIMフリースマートフォン ミッドナイトブルー],41250,https://www.yodobashi.com/product/100000001005325540/
https://image.yodobashi.com/product/100/000/001/005/267/627/100000001005267627_10205.jpg,ASUS エイスースZB633KL-BK64S4 [ZenFone Max （M2） Series SIMフリースマートフォン 64GBモデル ミッドナイトブラック],21450,https://www.yodobashi.com/product/100000001005267627/
https://image.yodobashi.com/product/100/000/001/005/053/910/100000001005053910_10205.jpg,Huawei ファーウェイnova lite 3/Aurora Blue [SIMフリースマートフォン],19680,https://www.yodobashi.com/product/100000001005053910/
https://image.yodobashi.com/product/100/000/001/004/196/838/100000001004196838_10205_001.jpg,ASUS エイスースZA550KL-GD32 [Zenfone Live L1 Series SIMフリースマートフォン シマーゴールド],18480,https://www.yodobashi.com/product/100000001004196838/
https://image.yodobashi.com/product/100/000/001/004/422/894/100000001004422894_10205_002.jpg,Huawei ファーウェイHUAWEI P30 lite Peacock Blue [Android 9.0 6.15インチ トリプルカメラ搭載 SIMフリースマートフォン],30560,https://www.yodobashi.com/product/100000001004422894/
https://image.yodobashi.com/product/100/000/001/005/167/365/100000001005167365_10205.jpg,OPPO オッポOPPO Reno A（リノ エー） ブルー [SIMフリースマートフォン],35800,https://www.yodobashi.com/product/100000001005167365/
https://image.yodobashi.com/product/100/000/001/004/422/557/100000001004422557_10205_002.jpg,モトローラ MotorolaPADU0003JP [SIMフリースマートフォン Moto G7 Plus Android 9.0搭載 メインメモリ4GB 内部ストレージ64GB Deep Indigo（ディープインディゴ）],28800,https://www.yodobashi.com/product/100000001004422557/
https://image.yodobashi.com/product/100/000/001/004/422/895/100000001004422895_10205_002.jpg,Huawei ファーウェイHUAWEI P30 lite Pearl White [Android 9.0 6.15インチ トリプルカメラ搭載 SIMフリースマートフォン],30560,https://www.yodobashi.com/product/100000001004422895/
https://image.yodobashi.com/product/100/000/001/005/260/248/100000001005260248_10205.jpg,シャープ SHARPSH-M12B AQUOS sense3 ブラック [SIMフリースマートフォン],36080,https://www.yodobashi.com/product/100000001005260248/
https://image.yodobashi.com/product/100/000/001/005/167/366/100000001005167366_10205.jpg,OPPO オッポOPPO Reno A（リノ エー） ブラック [SIMフリースマートフォン],35800,https://www.yodobashi.com/product/100000001005167366/
https://image.yodobashi.com/product/100/000/001/005/053/911/100000001005053911_10205.jpg,Huawei ファーウェイnova lite 3/Coral Red [SIMフリースマートフォン],19680,https://www.yodobashi.com/product/100000001005053911/
https://image.yodobashi.com/product/100/000/001/005/267/628/100000001005267628_10205.jpg,ASUS エイスースZB633KL-BL64S4 [ZenFone Max （M2） Series SIMフリースマートフォン 64GBモデル スペースブルー],21450,https://www.yodobashi.com/product/100000001005267628/
https://image.yodobashi.com/product/100/000/001/005/260/250/100000001005260250_10205.jpg,シャープ SHARPSH-M12C AQUOS sense3 ライトカッパー [SIMフリースマートフォン],36080,https://www.yodobashi.com/product/100000001005260250/
https://image.yodobashi.com/product/100/000/001/005/329/552/100000001005329552_10205.jpg,シャープ SHARPSH-M11A [AQUOS sense3 plus SIMフリースマートフォン ムーンブルー],64680,https://www.yodobashi.com/product/100000001005329552/
https://image.yodobashi.com/product/100/000/001/005/316/593/100000001005316593_10205.jpg,"富士通 FUJITSUASMC01001 [arrows（アローズ） M05 SDM450（オクタコア）1.8GHz/RAM 3GB ROM 32GB/2,880mAh/Android 9/指紋認証/ブラック SIMフリースマートフォン]",38850,https://www.yodobashi.com/product/100000001005316593/
https://image.yodobashi.com/product/100/000/001/004/822/269/100000001004822269_10205.jpg,Unihertz ユニハーツUnihertz Atom ATOM-01 [SIMフリースマートフォン],29030,https://www.yodobashi.com/product/100000001004822269/
https://image.yodobashi.com/product/100/000/001/005/329/550/100000001005329550_10205.jpg,シャープ SHARPSH-M11B [AQUOS sense3 plus SIMフリースマートフォン ブラック],64680,https://www.yodobashi.com/product/100000001005329550/
https://image.yodobashi.com/product/100/000/001/005/053/912/100000001005053912_10205.jpg,Huawei ファーウェイnova lite 3/Midnight Black [SIMフリースマートフォン],19680,https://www.yodobashi.com/product/100000001005053912/
https://image.yodobashi.com/product/100/000/001/004/196/836/100000001004196836_10205_001.jpg,ASUS エイスースZA550KL-BK32 [Zenfone Live L1 Series SIMフリースマートフォン ミッドナイトブラック],18480,https://www.yodobashi.com/product/100000001004196836/
https://image.yodobashi.com/product/100/000/001/005/316/594/100000001005316594_10205.jpg,"富士通 FUJITSUASMC01002 [arrows（アローズ） M05 SDM450（オクタコア）1.8GHz/RAM 3GB ROM 32GB/2,880mAh/Android 9/指紋認証/ホワイト SIMフリースマートフォン]",38850,https://www.yodobashi.com/product/100000001005316594/
https://image.yodobashi.com/product/100/000/001/005/329/551/100000001005329551_10205.jpg,シャープ SHARPSH-M11W [AQUOS sense3 plus SIMフリースマートフォン ホワイト],64680,https://www.yodobashi.com/product/100000001005329551/
https://image.yodobashi.com/product/100/000/001/004/177/964/100000001004177964_10205.jpg,京セラ KYOCERAKC-S702 [高耐久 SIMフリースマートフォン DURA FORCE PRO],54780,https://www.yodobashi.com/product/100000001004177964/
https://image.yodobashi.com/product/100/000/001/005/208/793/100000001005208793_10205.jpg,OPPO オッポOPPO A5 2020 グリーン [SIMフリースマートフォン ColorOS 6.0（Based on Android9.0）搭載 メインメモリ4GB 内部ストレージ64GB],29480,https://www.yodobashi.com/product/100000001005208793/
https://image.yodobashi.com/product/100/000/001/004/422/893/100000001004422893_10205_002.jpg,Huawei ファーウェイHUAWEI P30 lite Midnight Black [Android 9.0 6.15インチ トリプルカメラ搭載 SIMフリースマートフォン],30560,https://www.yodobashi.com/product/100000001004422893/
https://image.yodobashi.com/product/100/000/001/004/404/714/100000001004404714_10205.jpg,MAYA SYSTEM マヤシステムjetfon P6 ブラック [スマートフォン],14490,https://www.yodobashi.com/product/100000001004404714/
https://image.yodobashi.com/product/100/000/001/004/422/560/100000001004422560_10205_002.jpg,モトローラ MotorolaPAEK0002JP [SIMフリースマートフォン Moto G7 Power Android 9.0搭載 メインメモリ4GB 内部ストレージ64GB Ceramic Black（セラミックブラック）],24800,https://www.yodobashi.com/product/100000001004422560/
https://image.yodobashi.com/product/100/000/001/005/245/137/100000001005245137_10205_001.jpg,Huawei ファーウェイnova 5T/Black [SIMフリースマートフォン Android 9/Emotion UI 9.1.0搭載 6.26インチ液晶],56980,https://www.yodobashi.com/product/100000001005245137/
https://image.yodobashi.com/product/100/000/001/004/422/896/100000001004422896_10205_003.jpg,Huawei ファーウェイHUAWEI P30 Breathing Crystal [Android 9.0搭載 6.1インチ OLED トリプルカメラ搭載 SIMフリースマートフォン],84800,https://www.yodobashi.com/product/100000001004422896/
https://image.yodobashi.com/product/100/000/001/005/208/792/100000001005208792_10205.jpg,OPPO オッポOPPO A5 2020 ブルー [SIMフリースマートフォン ColorOS 6.0（Based on Android9.0）搭載 メインメモリ4GB 内部ストレージ64GB],29480,https://www.yodobashi.com/product/100000001005208792/
https://image.yodobashi.com/product/100/000/001/005/303/360/100000001005303360_10205.jpg,Palm パームPVG100E-2B1PJPD [Palm Phone（パームフォン） Gold SIMフリースマートフォン],44800,https://www.yodobashi.com/product/100000001005303360/
https://image.yodobashi.com/product/100/000/001/004/422/556/100000001004422556_10205_002.jpg,モトローラ MotorolaPADU0002JP [SIMフリースマートフォン Moto G7 Plus Android 9.0搭載 メインメモリ4GB 内部ストレージ64GB Viva Red（ビバレッド）],28800,https://www.yodobashi.com/product/100000001004422556/
https://image.yodobashi.com/product/100/000/001/004/422/558/100000001004422558_10205_002.jpg,モトローラ MotorolaPADY0000JP [SIMフリースマートフォン Moto G7 Android 9.0搭載 メインメモリ4GB 内部ストレージ64GB Ceramic Black（セラミックブラック）],28800,https://www.yodobashi.com/product/100000001004422558/
https://image.yodobashi.com/product/100/000/001/004/422/897/100000001004422897_10205_003.jpg,Huawei ファーウェイHUAWEI P30 Aurora [Android 9.0搭載 6.1インチ OLED トリプルカメラ搭載 SIMフリースマートフォン],84800,https://www.yodobashi.com/product/100000001004422897/
https://image.yodobashi.com/product/200/000/000/100/143/041/200000000100143041_10205.jpg,ワイモバイルセットでお得キャンペーン [Huawei ファーウェイ nova lite 3/Coral Red「SIMフリースマートフォン」 ＋ Y！mobile ワイモバイル 「SIMスターターキット_通常版_nano」のセット],18696,https://www.yodobashi.com/product/200000000100143041/
https://image.yodobashi.com/product/100/000/001/003/958/247/100000001003958247_10205.jpg,MAYA SYSTEM マヤシステムjetfon シャンパンゴールド [スマートフォン],19390,https://www.yodobashi.com/product/100000001003958247/
https://image.yodobashi.com/product/100/000/001/003/672/795/100000001003672795_10205.jpg,CAT キャットS60 [防塵防水対応 SIMフリースマートフォン],94800,https://www.yodobashi.com/product/100000001003672795/
https://image.yodobashi.com/product/100/000/001/005/642/401/100000001005642401_10205_001.jpg,シャオミ XiaomiREDMI NOTE 9S 6＋128 BL [Redmi Note 9S Aurora Blue/6.67インチ/6GB RAM/128GB ROM],29800,https://www.yodobashi.com/product/100000001005642401/
https://image.yodobashi.com/product/100/000/001/005/642/402/100000001005642402_10205_001.jpg,シャオミ XiaomiREDMI NOTE 9S 6＋128 WH [Redmi Note 9S Glacier White/6.67インチ/6GB RAM/128GB ROM],29800,https://www.yodobashi.com/product/100000001005642402/
https://image.yodobashi.com/product/100/000/001/005/642/618/100000001005642618_10205.jpg,OPPO オッポOPPO  Reno3 A ブラック [ColorOS 7.1（based on Android 10.0）/6GB RAM/128GB ROM/SIMフリースマートフォン],39800,https://www.yodobashi.com/product/100000001005642618/
https://image.yodobashi.com/product/100/000/001/005/642/617/100000001005642617_10205.jpg,OPPO オッポOPPO  Reno3 A ホワイト [ColorOS 7.1（based on Android 10.0）/6GB RAM/128GB ROM/SIMフリースマートフォン],39800,https://www.yodobashi.com/product/100000001005642617/
https://image.yodobashi.com/product/100/000/001/005/641/616/100000001005641616_10205_001.jpg,Huawei ファーウェイP40 Pro Silver Frost（シルバーフロスト） [SIMフリースマートフォン/6.58インチ/メモリ8GB/内部ストレージ256GB/ELS-NX9SV],119680,https://www.yodobashi.com/product/100000001005641616/
https://image.yodobashi.com/product/100/000/001/005/515/272/100000001005515272_10205.jpg,モトローラ MotorolaPAGE0013JP [moto g8 PLUS Android 9 Pie搭載 メモリ4GB 内部ストレージ64GB SIMフリースマートフォン コズミックブルー],38800,https://www.yodobashi.com/product/100000001005515272/
https://image.yodobashi.com/product/100/000/001/005/641/615/100000001005641615_10205_001.jpg,Huawei ファーウェイP40 Pro Black（ブラック） [SIMフリースマートフォン/6.58インチ/メモリ8GB/内部ストレージ256GB/ELS-NX9BK],119680,https://www.yodobashi.com/product/100000001005641615/
https://image.yodobashi.com/product/100/000/001/005/592/649/100000001005592649_10205_001.jpg,モトローラ MotorolaPAHF0017JP [SIMフリースマートフォン moto g8 power Android 10.0/メインメモリ 4GB/内部ストレージ 64GB/ カプリブルー],32800,https://www.yodobashi.com/product/100000001005592649/
https://image.yodobashi.com/product/100/000/001/005/592/647/100000001005592647_10205_001.jpg,モトローラ MotorolaPAJG0001JP [SIMフリースマートフォン moto g8 Android 10.0/メインメモリ 4GB/内部ストレージ 64GB/ホログラムホワイト],25800,https://www.yodobashi.com/product/100000001005592647/
https://image.yodobashi.com/product/100/000/001/005/592/646/100000001005592646_10205_001.jpg,モトローラ MotorolaPAJG0000JP [SIMフリースマートフォン moto g8 Android 10.0/メインメモリ 4GB/内部ストレージ 64GB/ノイエブルー],25800,https://www.yodobashi.com/product/100000001005592646/
https://image.yodobashi.com/product/100/000/001/005/515/273/100000001005515273_10205.jpg,モトローラ MotorolaPAGE0020JP [moto g8 PLUS Android 9 Pie搭載 メモリ4GB 内部ストレージ64GB SIMフリースマートフォン ポイズンベリー],38800,https://www.yodobashi.com/product/100000001005515273/
https://image.yodobashi.com/product/100/000/001/005/642/403/100000001005642403_10205_001.jpg,シャオミ XiaomiMI NOTE 10 LITE 6＋128 WH [Mi Note 10 Lite Glacier White/6.47インチ/6GB RAM/128GB ROM],44800,https://www.yodobashi.com/product/100000001005642403/
https://image.yodobashi.com/product/100/000/001/005/592/648/100000001005592648_10205_001.jpg,モトローラ MotorolaPAHF0002JP [SIMフリースマートフォン moto g8 power Android 10.0/メインメモリ 4GB/内部ストレージ 64GB/スモークブラック],32800,https://www.yodobashi.com/product/100000001005592648/
https://image.yodobashi.com/product/100/000/001/005/526/740/100000001005526740_10205.jpg,シャープ SHARPSH-M13B [AQUOS ZERO2 6.4インチ/メモリ 8GB/ストレージ 256GB/Android 10 SIMフリースマートフォン アストロブラック],103180,https://www.yodobashi.com/product/100000001005526740/
https://image.yodobashi.com/product/100/000/001/005/642/404/100000001005642404_10205_001.jpg,シャオミ XiaomiMI NOTE 10 LITE 6＋128 PL [Mi Note 10 Lite Nebula Purple/6.47インチ/6GB RAM/128GB ROM],44800,https://www.yodobashi.com/product/100000001005642404/
https://image.yodobashi.com/product/100/000/001/005/543/002/100000001005543002_10205.jpg,Huawei ファーウェイnova 5T/GREEN＋FL [nova 5T Crush Green＋FreeLace Emerald Green 初回限定版 Android 9/Emotion UI 9.1.0搭載 6.26インチ液晶 SIMフリースマートフォン],59550,https://www.yodobashi.com/product/100000001005543002/
https://image.yodobashi.com/product/100/000/001/005/641/614/100000001005641614_10205.jpg,Huawei ファーウェイP40 lite 5G Space Silver（スペースシルバー） [SIMフリースマートフォン/6.5インチ/メモリ6GB/内部ストレージ128GB/CDY-NX9ASV],43780,https://www.yodobashi.com/product/100000001005641614/
https://image.yodobashi.com/product/100/000/001/005/629/089/100000001005629089_10205.jpg,Huawei ファーウェイnova lite 3+ Midnight Black [SIMフリースマートフォン],26800,https://www.yodobashi.com/product/100000001005629089/
https://image.yodobashi.com/product/100/000/001/005/641/612/100000001005641612_10205.jpg,Huawei ファーウェイP40 lite 5G Midnight Black（ミッドナイトブラック） [SIMフリースマートフォン/6.5インチ/メモリ6GB/内部ストレージ128GB/CDY-NX9ABK],43780,https://www.yodobashi.com/product/100000001005641612/
https://image.yodobashi.com/product/100/000/001/005/641/613/100000001005641613_10205.jpg,Huawei ファーウェイP40 lite 5G Crush Green（クラッシュグリーン） [SIMフリースマートフォン/6.5インチ/メモリ6GB/内部ストレージ128GB/CDY-NX9AGR],43780,https://www.yodobashi.com/product/100000001005641613/
https://image.yodobashi.com/product/100/000/001/005/716/468/100000001005716468_10205.jpg,エフエックステック F(x)tecPro1 [Android 9.0/6インチ/メモリ 6GB/ストレージ 128GB/物理キーボード搭載/ブラック/SIMフリースマートフォン],109880,https://www.yodobashi.com/product/100000001005716468/
https://image.yodobashi.com/product/100/000/001/005/629/090/100000001005629090_10205.jpg,Huawei ファーウェイnova lite 3+ Aurora Blue [SIMフリースマートフォン],26800,https://www.yodobashi.com/product/100000001005629090/
https://image.yodobashi.com/product/100/000/001/005/245/138/100000001005245138_10205_001.jpg,Huawei ファーウェイnova 5T/Crush Blue [SIMフリースマートフォン Android 9/Emotion UI 9.1.0搭載 6.26インチ液晶],56980,https://www.yodobashi.com/product/100000001005245138/
https://image.yodobashi.com/product/100/000/001/005/245/136/100000001005245136_10205_001.jpg,Huawei ファーウェイnova 5T/Midsummer Purple [SIMフリースマートフォン Android 9/Emotion UI 9.1.0搭載 6.26インチ液晶],56980,https://www.yodobashi.com/product/100000001005245136/
https://image.yodobashi.com/product/200/000/000/100/148/831/200000000100148831_10205.jpg,LINEモバイルセットでお得キャンペーン [Huawei ファーウェイ nova lite 3/Coral Red (SIMフリースマートフォン) ＋ LINEモバイル 「エントリーパッケージ(SIMカード後日配送)」のセット],19090,https://www.yodobashi.com/product/200000000100148831/
https://image.yodobashi.com/product/100/000/001/005/667/486/100000001005667486_10205.jpg,Planet Computers プラネットコンピューターズCosmo Communicator with HDMI [Android 9.0搭載 物理キーボード搭載 6インチスマートフォン],107560,https://www.yodobashi.com/product/100000001005667486/
https://image.yodobashi.com/product/100/000/001/005/641/617/100000001005641617_10205.jpg,Huawei ファーウェイP40 lite E Midnight Black（ミッドナイトブラック） [SIMフリースマートフォン/6.39インチ/メモリ4GB/内部ストレージ64GB/ART-L29NBK],27280,https://www.yodobashi.com/product/100000001005641617/
https://image.yodobashi.com/product/100/000/001/005/543/001/100000001005543001_10205.jpg,Huawei ファーウェイnova 5T/CRUSH GREEN [Android 9/Emotion UI 9.1.0搭載 6.26インチ液晶 SIMフリースマートフォン],57170,https://www.yodobashi.com/product/100000001005543001/
https://image.yodobashi.com/product/100/000/001/005/733/499/100000001005733499_10205.jpg,TCL ティーシーエルT770B 10 Lite Mariana Blue [SIMフリースマートフォン ブルー],26800,https://www.yodobashi.com/product/100000001005733499/
https://image.yodobashi.com/product/100/000/001/005/641/618/100000001005641618_10205.jpg,Huawei ファーウェイP40 lite E Aurora Blue（オーロラブルー） [SIMフリースマートフォン/6.39インチ/メモリ4GB/内部ストレージ64GB/ART-L29NBL],27280,https://www.yodobashi.com/product/100000001005641618/
https://image.yodobashi.com/product/200/000/000/100/143/044/200000000100143044_10205.jpg,ワイモバイルセットでお得キャンペーン [Huawei ファーウェイ HUAWEI P30 lite Midnight Black「SIMフリースマートフォン」 ＋ Y！mobile ワイモバイル 「SIMスターターキット_通常版_nano」のセット],29032,https://www.yodobashi.com/product/200000000100143044/
https://image.yodobashi.com/product/200/000/000/100/148/833/200000000100148833_10205.jpg,LINEモバイルセットでお得キャンペーン [Huawei ファーウェイ HUAWEI P30 lite Peacock Blue (SIMフリースマートフォン) ＋ LINEモバイル 「エントリーパッケージ(SIMカード後日配送)」のセット],29644,https://www.yodobashi.com/product/200000000100148833/
https://image.yodobashi.com/product/100/000/001/005/733/498/100000001005733498_10205.jpg,TCL ティーシーエルT770B 10 Lite Arctic White [SIMフリースマートフォン ホワイト],26800,https://www.yodobashi.com/product/100000001005733498/
https://image.yodobashi.com/product/100/000/001/005/579/086/100000001005579086_10205.jpg,TCL ティーシーエルT799H-2ALCEU12 [TCL-10 Pro メモリ6GB ストレージ128GB Ember Gray SIMフリースマートフォン],48800,https://www.yodobashi.com/product/100000001005579086/
https://image.yodobashi.com/product/200/000/000/100/157/054/200000000100157054_10205.jpg,ワイモバイルセットでお得キャンペーン [OPPO オッポ OPPO  Reno3 A ホワイト「SIMフリースマートフォン」 ＋ Y！mobile ワイモバイル 「SIMスターターキット 通常版 nano」のセット],37810,https://www.yodobashi.com/product/200000000100157054/
https://image.yodobashi.com/product/100/000/001/005/629/192/100000001005629192_10205.jpg,TCL ティーシーエルT799H-2BLCEU12 [TCL-10 Pro メモリ6GB ストレージ128GB Forest Mist Green SIMフリースマートフォン],48800,https://www.yodobashi.com/product/100000001005629192/
https://image.yodobashi.com/product/200/000/000/100/143/042/200000000100143042_10205.jpg,ワイモバイルセットでお得キャンペーン [Huawei ファーウェイ HUAWEI P30 lite Pearl White「SIMフリースマートフォン」 ＋ Y！mobile ワイモバイル 「SIMスターターキット_通常版_nano」のセット],29032,https://www.yodobashi.com/product/200000000100143042/
https://image.yodobashi.com/product/200/000/000/100/148/841/200000000100148841_10205.jpg,LINEモバイルセットでお得キャンペーン [Huawei ファーウェイ nova 5T/CRUSH GREEN (SIMフリースマートフォン) ＋ LINEモバイル 「エントリーパッケージ(SIMカード後日配送)」のセット],55455,https://www.yodobashi.com/product/200000000100148841/
https://image.yodobashi.com/product/200/000/000/100/157/055/200000000100157055_10205.jpg,ワイモバイルセットでお得キャンペーン [OPPO オッポ OPPO  Reno3 A ブラック 「SIMフリースマートフォン」 ＋ Y！mobile ワイモバイル 「SIMスターターキット 通常版 nano」のセット],37810,https://www.yodobashi.com/product/200000000100157055/
https://image.yodobashi.com/product/100/000/001/003/095/109/100000001003095109_10205.jpg,シャープ SHARPSR-01MW [モバイル型ロボット電話 RoBoHoN（ロボホン）],170920,https://www.yodobashi.com/product/100000001003095109/
https://image.yodobashi.com/product/200/000/000/100/148/832/200000000100148832_10205.jpg,LINEモバイルセットでお得キャンペーン [Huawei ファーウェイ HUAWEI P30 lite Pearl White (SIMフリースマートフォン) ＋ LINEモバイル 「エントリーパッケージ(SIMカード後日配送)」のセット],29644,https://www.yodobashi.com/product/200000000100148832/
https://image.yodobashi.com/product/100/000/001/004/265/269/100000001004265269_10205.jpg,シャープ SHARPSR-03MY [モバイル型ロボット電話 RoBoHoN ロボホン],194400,https://www.yodobashi.com/product/100000001004265269/
https://image.yodobashi.com/product/100/000/001/004/624/221/100000001004624221_10205.jpg,SIRIN LABS シリンラボFINNEY（フィニー） SR00300-W Pebble Gray [SIMフリースマートフォン],135000,https://www.yodobashi.com/product/100000001004624221/
https://image.yodobashi.com/product/200/000/000/100/143/043/200000000100143043_10205.jpg,ワイモバイルセットでお得キャンペーン [Huawei ファーウェイ HUAWEI P30 lite Peacock Blue「SIMフリースマートフォン」 ＋ Y！mobile ワイモバイル 「SIMスターターキット_通常版_nano」のセット],29032,https://www.yodobashi.com/product/200000000100143043/
https://image.yodobashi.com/product/200/000/000/100/157/049/200000000100157049_10205.jpg,ワイモバイルセットでお得キャンペーン [Huawei ファーウェイ P40 lite 5G Space Silver（スペースシルバー）「SIMフリースマートフォン/CDY-NX9ASV」 ＋ Y！mobile ワイモバイル 「SIMスターターキット 通常版 nano」のセット],41591,https://www.yodobashi.com/product/200000000100157049/
https://image.yodobashi.com/product/200/000/000/100/157/045/200000000100157045_10205.jpg,ワイモバイルセットでお得キャンペーン [Huawei ファーウェイ P40 Pro Black（ブラック）「SIMフリースマートフォン/ELS-NX9BK」 ＋ Y！mobile ワイモバイル 「SIMスターターキット 通常版 nano」のセット],113696,https://www.yodobashi.com/product/200000000100157045/
https://image.yodobashi.com/product/200/000/000/100/157/046/200000000100157046_10205.jpg,ワイモバイルセットでお得キャンペーン [Huawei ファーウェイ P40 Pro Silver Frost（シルバーフロスト）「SIMフリースマートフォン/ELS-NX9SV」 ＋ Y！mobile ワイモバイル 「SIMスターターキット 通常版 nano」のセット],113696,https://www.yodobashi.com/product/200000000100157046/
https://image.yodobashi.com/product/200/000/000/100/157/051/200000000100157051_10205.jpg,ワイモバイルセットでお得キャンペーン [Huawei ファーウェイ P40 lite E Aurora Blue（オーロラブルー）「SIMフリースマートフォン/ART-L29NBL」 ＋ Y！mobile ワイモバイル 「SIMスターターキット 通常版 nano」のセット],25916,https://www.yodobashi.com/product/200000000100157051/
https://image.yodobashi.com/product/200/000/000/100/157/052/200000000100157052_10205.jpg,ワイモバイルセットでお得キャンペーン [Huawei ファーウェイ nova lite 3+ Midnight Black「SIMフリースマートフォン」 ＋ Y！mobile ワイモバイル 「SIMスターターキット 通常版 nano」のセット],25460,https://www.yodobashi.com/product/200000000100157052/
https://image.yodobashi.com/product/200/000/000/100/148/828/200000000100148828_10205.jpg,ワイモバイルセットでお得キャンペーン [Huawei ファーウェイ nova 5T/CRUSH GREEN「SIMフリースマートフォン」 ＋ Y！mobile ワイモバイル 「SIMスターターキット_通常版_nano」のセット],54312,https://www.yodobashi.com/product/200000000100148828/
https://image.yodobashi.com/product/200/000/000/100/157/048/200000000100157048_10205.jpg,ワイモバイルセットでお得キャンペーン [Huawei ファーウェイ P40 lite 5G Crush Green（クラッシュグリーン）「SIMフリースマートフォン/CDY-NX9AGR」 ＋ Y！mobile ワイモバイル 「SIMスターターキット 通常版 nano」のセット],41591,https://www.yodobashi.com/product/200000000100157048/
https://image.yodobashi.com/product/200/000/000/100/157/050/200000000100157050_10205.jpg,ワイモバイルセットでお得キャンペーン [Huawei ファーウェイ P40 lite E Midnight Black（ミッドナイトブラック）「SIMフリースマートフォン/ART-L29NBK」 ＋ Y！mobile ワイモバイル 「SIMスターターキット 通常版 nano」のセット],25916,https://www.yodobashi.com/product/200000000100157050/
https://image.yodobashi.com/product/200/000/000/100/148/842/200000000100148842_10205.jpg,LINEモバイルセットでお得キャンペーン [Huawei ファーウェイ nova 5T/Midsummer Purple (SIMフリースマートフォン) ＋ LINEモバイル 「エントリーパッケージ(SIMカード後日配送)」のセット],55271,https://www.yodobashi.com/product/200000000100148842/
https://image.yodobashi.com/product/200/000/000/100/148/834/200000000100148834_10205.jpg,LINEモバイルセットでお得キャンペーン [Huawei ファーウェイ HUAWEI P30 lite Midnight Black (SIMフリースマートフォン) ＋ LINEモバイル 「エントリーパッケージ(SIMカード後日配送)」のセット],29644,https://www.yodobashi.com/product/200000000100148834/
https://image.yodobashi.com/product/200/000/000/100/143/045/200000000100143045_10205.jpg,ワイモバイルセットでお得キャンペーン [Huawei ファーウェイ HUAWEI P30 Aurora「SIMフリースマートフォン」 ＋ Y！mobile ワイモバイル 「SIMスターターキット_通常版_nano」のセット],80560,https://www.yodobashi.com/product/200000000100143045/
https://image.yodobashi.com/product/200/000/000/100/157/047/200000000100157047_10205.jpg,ワイモバイルセットでお得キャンペーン [Huawei ファーウェイ P40 lite 5G Midnight Black（ミッドナイトブラック）「SIMフリースマートフォン/CDY-NX9ABK」 ＋ Y！mobile ワイモバイル 「SIMスターターキット 通常版 nano」のセット],41591,https://www.yodobashi.com/product/200000000100157047/
https://image.yodobashi.com/product/200/000/000/100/148/835/200000000100148835_10205.jpg,LINEモバイルセットでお得キャンペーン [Huawei ファーウェイ HUAWEI P30 Aurora (Android 9.0搭載 6.1インチ OLED トリプルカメラ搭載 SIMフリースマートフォン) ＋ LINEモバイル 「エントリーパッケージ(SIMカード後日配送)」のセット],82256,https://www.yodobashi.com/product/200000000100148835/
https://image.yodobashi.com/product/200/000/000/100/148/844/200000000100148844_10205.jpg,LINEモバイルセットでお得キャンペーン [Huawei ファーウェイ nova 5T/Crush Blue (SIMフリースマートフォン) ＋ LINEモバイル 「エントリーパッケージ(SIMカード後日配送)」のセット],55271,https://www.yodobashi.com/product/200000000100148844/
https://image.yodobashi.com/product/200/000/000/100/157/053/200000000100157053_10205.jpg,ワイモバイルセットでお得キャンペーン [Huawei ファーウェイ nova lite 3+ Aurora Blue「SIMフリースマートフォン」 ＋ Y！mobile ワイモバイル 「SIMスターターキット 通常版 nano」のセット],25460,https://www.yodobashi.com/product/200000000100157053/
https://image.yodobashi.com/product/200/000/000/100/148/843/200000000100148843_10205.jpg,LINEモバイルセットでお得キャンペーン [Huawei ファーウェイ nova 5T/Black (SIMフリースマートフォン) ＋ LINEモバイル 「エントリーパッケージ(SIMカード後日配送)」のセット],55271,https://www.yodobashi.com/product/200000000100148843/
